qid,wikidata_name,pleiades,pleiades_name,distance_m,similarity,decision
Q106519909,Capitolium of Volubilis,275740,Volubilis,45,0.56,different (assistant review: temple inside the city)
Q9706876,Castro of Chibanes,81527249,Chibanes,71,0.62,"same (assistant review: same castro, same name)"
Q1687006,Ponte de Vila Formosa,256516,Vila Formosa Roman Bridge,73,0.52,same (assistant review: same Roman bridge)
Q97688631,Arco del Pópulo,663803333,Arco de los Blanco,144,0.61,different (assistant review: two different arches in Cadiz)
Q888944,Boca do Rio,256027,Boca do Rio,239,1.0,"same (auto: name equal within 5 km, or <= 500 m and similarity >= 0.65)"
Q5703178,Arco de la Rosa,663803333,Arco de los Blanco,149,0.73,"same (auto: name equal within 5 km, or <= 500 m and similarity >= 0.65)"
Q6044750,Norba Caesarina,256327,Norba/Col. Norbensis Caesarina,171,0.67,"same (auto: name equal within 5 km, or <= 500 m and similarity >= 0.65)"
Q6091644,Ponte de Tôr,256378,Ponte de Tôr,3644,1.0,"same (auto: name equal within 5 km, or <= 500 m and similarity >= 0.65)"
Q9706875,Castro de Castro Verde,256073,Castelo da Chaminé,3,0.55,"different (default: kept separate, identity could not be determined; overwrite with your decision)"
Q10333275,Cerca romana e árabe,982853456,Arco Romano de Dona Isabel,189,0.57,different (assistant review: town wall vs single arch)
Q10351493,Ponte romana de Miróbriga,256303,Mirobriga,39,0.53,different (assistant review: bridge vs the city)
Q10391491,Villa lusitano-romana de Santa Vitória do Ameixial,256434,S. Vitória do Ameixial,112,0.58,"same (assistant review: same villa, same locality)"
Q15233334,Archaeological Ensemble of Mérida,88397175,Alcazaba de Mérida,708,0.51,different (auto: similarity < 0.55 and > 300 m apart)
Q19368095,Metellinum,256298,Metellinum,639,1.0,"same (auto: name equal within 5 km, or <= 500 m and similarity >= 0.65)"
Q42658737,Roman thermae at Baelo Claudia,713816455,Roman Theater of Baelo,155,0.65,"same (auto: name equal within 5 km, or <= 500 m and similarity >= 0.65)"
Q43080747,temple of Mars,576329395,Temple of Diana,491,0.76,"same (auto: name equal within 5 km, or <= 500 m and similarity >= 0.65)"
Q117455448,Kouass,275653,Kouass,2425,1.0,"same (auto: name equal within 5 km, or <= 500 m and similarity >= 0.65)"
Q53588187,Regina Turdulorum,256397,Regina,144,0.52,same (assistant review: same ancient town)
Q65162499,Fortim romano de Casa Branca,256066,Casa Branca,47,0.56,same (assistant review: same Roman fortlet)
Q66813743,Anta da Velada (Comenda do Coelho),742422331,Great Dolmen of Comenda da Igreja,935,0.52,different (auto: similarity < 0.55 and > 300 m apart)
Q66813767,Anta 2 da Comenda da Igreja,742422331,Great Dolmen of Comenda da Igreja,639,0.73,different (assistant review: different dolmens of Comenda da Igreja)
Q66814214,Castro de Pragança,792786061,Castro de Pragança,1405,1.0,"same (auto: name equal within 5 km, or <= 500 m and similarity >= 0.65)"
Q82074089,"Temple of Isis, Italica",627230788,Temple of Trajan at Italica,462,0.76,"same (auto: name equal within 5 km, or <= 500 m and similarity >= 0.65)"
Q82074367,Temple of Diana at Emerita Augusta,256155,Emerita Augusta,311,0.61,different (assistant review: temple inside the city)
Q43133748,Arco del Obispo,18146340,Casa del Obispo,27,0.8,"same (auto: name equal within 5 km, or <= 500 m and similarity >= 0.65)"
Q43174618,Restos del Recinto Amurallado de Itálica,781581593,House of the Deep Trench at Italica,621,0.51,different (auto: similarity < 0.55 and > 300 m apart)
Q97620586,Ocuri,256333,Ocur(r)i,232,0.77,"same (auto: name equal within 5 km, or <= 500 m and similarity >= 0.65)"
Q97619028,Castillo,256007,Baesippo,700,0.5,different (auto: similarity < 0.55 and > 300 m apart)
Q98825233,Termas romanas de San Lázaro,595114717,Termas romanas,2,0.67,"same (auto: name equal within 5 km, or <= 500 m and similarity >= 0.65)"
Q110257247,cromlech de Cumbres Mayores,256143,Cumbres Mayores,126,0.71,"same (auto: name equal within 5 km, or <= 500 m and similarity >= 0.65)"
Q97620213,Gibalbín,256182,Gibalbín,3384,1.0,"same (auto: name equal within 5 km, or <= 500 m and similarity >= 0.65)"
Q117187629,Templo romano de Augustóbriga,256001,Augustobriga,25,0.59,different (assistant review: temple inside the town)
Q126205921,Frigidarium de  El Santiscal,256436,El Santiscal,649,0.6,"different (default: kept separate, identity could not be determined; overwrite with your decision)"
Q140421883,Cerro de San Albín,583045156,Basílica de Santa Eulalia,985,0.56,different (assistant review: hill site vs basilica)
Q140421971,Casa del Mitreo,88397175,Alcazaba de Mérida,617,0.55,different (auto: similarity < 0.55 and > 300 m apart)
Q389930,Castro de Elviña,236461,Elviña (Castro de),153,0.55,same (assistant review: same castro)
Q474928,Citânia de Sanfins,236651,Sanfins,215,0.56,same (assistant review: same citania)
Q138529428,El Raso,236626,El Raso,156,1.0,"same (auto: name equal within 5 km, or <= 500 m and similarity >= 0.65)"
Q1679911,Santa Cruz de Cangas de Onís,154654590,Cangas de Onís,312,0.67,"same (auto: name equal within 5 km, or <= 500 m and similarity >= 0.65)"
Q3392134,Fountain of the Idol,59492268,Fonte do Ídolo,10,0.65,"same (assistant review: same fountain, Portuguese name)"
Q66942507,Conímbriga,236443,Conimbriga,33,1.0,"same (auto: name equal within 5 km, or <= 500 m and similarity >= 0.65)"
Q5198832,Gigia,236475,Gigia,422,1.0,"same (auto: name equal within 5 km, or <= 500 m and similarity >= 0.65)"
Q5757988,Las Merchanas Hill Fort,236542,Las Merchanas,436,0.72,"same (auto: name equal within 5 km, or <= 500 m and similarity >= 0.65)"
Q5758012,Castro del Raso,236626,El Raso,55,0.64,same (assistant review: same castro)
Q9640826,Avobriga,260499,Avobriga/Abobrica,12,0.64,same (assistant review: same ancient site)
Q9671239,Castro de Lama de Ouriço,886273706,Castro de Alvarelhos,94,0.64,"different (default: kept separate, identity could not be determined; overwrite with your decision)"
Q12385713,Castro of A Lanzada,236510,A Lanzada,220,0.64,same (assistant review: same castro)
Q28974261,Bracara Augusta amphitheatre,236377,Bracara Augusta,316,0.7,"same (auto: name equal within 5 km, or <= 500 m and similarity >= 0.65)"
Q29001117,Lucus Augusti amphitheatre,236525,Lucus Augusti,332,0.67,"same (auto: name equal within 5 km, or <= 500 m and similarity >= 0.65)"
Q42654887,Roman thermae in Asturica Augusta,236352,Asturica (Augusta),749,0.64,different (assistant review: baths inside the city)
Q43174725,Ruínas Romanas de Cáparra,369907904,Roman arch at Capera,45,0.58,different (assistant review: whole site vs single arch)
Q66813988,Estação arqueológica da Póvoa de Mileu,236573,Nossa Senhora da Póvoa de Mileu,914,0.64,"different (default: kept separate, identity could not be determined; overwrite with your decision)"
Q66815164,Castro de São Martinho,277867435,Couto de Ouro,74,0.57,"different (default: kept separate, identity could not be determined; overwrite with your decision)"
Q66815273,Termas Medicinais Romanas de Chaves,237846,Roman Bridge (Chaves),147,0.55,different (assistant review: baths vs bridge)
Q98430062,Estação Arqueológica Civitas Aravorum,236431,*Civitas Aravorum,449,0.6,same (assistant review: same civitas)
Q140421881,Mitreo de Lugo,259024851,Roman bridge of Lugo,881,0.53,different (auto: similarity < 0.55 and > 300 m apart)
Q1261245,Drumanagh,79429,Drumanagh,64,1.0,"same (auto: name equal within 5 km, or <= 500 m and similarity >= 0.65)"
Q1047389,Cashlaungar,815733688,Cahercommaun,628,0.52,different (auto: similarity < 0.55 and > 300 m apart)
Q543155,Hill of Tara,79708,Tara,374,0.5,different (auto: similarity < 0.55 and > 300 m apart)
Q7018067,Newgrange cursus,79612,Newgrange,168,0.72,"same (auto: name equal within 5 km, or <= 500 m and similarity >= 0.65)"
Q33093088,Carrowmore Megalithic Cemetery W-M 9a,835780234,Carrowmore Megalithic Cemetery,678,0.9,different (assistant review: single tomb vs whole cemetery)
Q49004082,Loughcrew Megalithic Tomb Cemetery,398415800,Loughcrew (Megalithic Landscape),429,0.71,"same (auto: name equal within 5 km, or <= 500 m and similarity >= 0.65)"
Q116510750,Knowth Mound,148277399,Knowth,458,0.67,"same (auto: name equal within 5 km, or <= 500 m and similarity >= 0.65)"
Q116803531,Dowth Mound,148277400,Dowth,652,0.62,same (assistant review: same passage tomb)
Q116819925,Lough Gur Standing Stone,303708957,Grange stone circle,309,0.51,different (auto: similarity < 0.55 and > 300 m apart)
Q1143218,Dolmen of Menga,983306644,Dólmenes de Antequera,25,0.56,different (assistant review: single dolmen vs dolmen group)
Q963503,Dolmen of Viera,983306644,Dólmenes de Antequera,102,0.61,different (assistant review: single dolmen vs dolmen group)
Q3555926,Lucentum,265954,Lucentum,45,1.0,"same (auto: name equal within 5 km, or <= 500 m and similarity >= 0.65)"
Q5763446,Cerro del Villar,265863,Cerro del Villar,2616,1.0,"same (auto: name equal within 5 km, or <= 500 m and similarity >= 0.65)"
Q2997165,Corduba,256128,Corduba/Col. Patricia,245,0.5,same (assistant review: same ancient city)
Q135033835,Cova de les Dones,652043992,Cova de les Dones,3,1.0,"same (auto: name equal within 5 km, or <= 500 m and similarity >= 0.65)"
Q15542470,Cerro de los Santos,265862,Cerro de los Santos,3941,1.0,"same (auto: name equal within 5 km, or <= 500 m and similarity >= 0.65)"
Q60786731,Camarata,285422,Camarata?,1373,1.0,"same (auto: name equal within 5 km, or <= 500 m and similarity >= 0.65)"
Q9064500,Puerta de Almodóvar,729234307,"Roman bridge, Córdoba",697,0.5,different (auto: similarity < 0.55 and > 300 m apart)
Q3527913,Roman theatre of Cordoba,415113284,Roman temple of Córdoba,342,0.85,"same (auto: name equal within 5 km, or <= 500 m and similarity >= 0.65)"
Q6171619,El Chuche,266085,El Chuche (settlement),266,0.6,same (assistant review: same settlement)
Q26763291,La Almoloya de Pliego,465188488,La Almoloya,8,0.69,"same (auto: name equal within 5 km, or <= 500 m and similarity >= 0.65)"
Q29001125,Valeria amphitheatre,266092,Valeria,304,0.52,different (auto: similarity < 0.55 and > 300 m apart)
Q29574695,Toletum,266066,Toletum,224,1.0,"same (auto: name equal within 5 km, or <= 500 m and similarity >= 0.65)"
Q42665837,Roman thermae of Cartago Nova,505229478,Roman theater at Carthago Nova/Col. Urbs Iulia,84,0.64,different (assistant review: baths vs theatre)
Q43132675,Villavieja,177101519,Alcazaba de Villavieja,284,0.62,"different (default: kept separate, identity could not be determined; overwrite with your decision)"
Q43174880,Ruinas y restos arqueológicos del cerro de la Concepción,116370999,Parque Arqueológico El Molinete,452,0.51,different (auto: similarity < 0.55 and > 300 m apart)
Q56824917,Abrigo de Jesús Galdón,652043992,Cova de les Dones,655,0.56,different (assistant review: different rock shelters)
Q97632386,Villa y Termas de Torrox,265896,Roman Villa at El Faro (Torrox),220,0.63,same (assistant review: same villa at Torrox)
Q97632804,Antikaria,265799,Anticaria,794,0.89,same (assistant review: Antikaria = Anticaria (Antequera))
Q97631204,Cástulo,265855,Castulo,73,1.0,"same (auto: name equal within 5 km, or <= 500 m and similarity >= 0.65)"
Q140421899,Villa romana de Fuente Álamo,570101218,Villa Fuente Álamo,400,0.78,"same (auto: name equal within 5 km, or <= 500 m and similarity >= 0.65)"
Q140421902,Mitreo de Cabra,265903,Fuente de las Piedras,248,0.5,"different (default: kept separate, identity could not be determined; overwrite with your decision)"
Q136734434,Ancient Roman thermae of Finca del Secretario,177797261,Finca del Secretario,44,0.62,"different (default: kept separate, identity could not be determined; overwrite with your decision)"
Q138457874,necrópolis de Alcantarilla,268784,Alcantarilla Roman Dam,410,0.5,different (auto: similarity < 0.55 and > 300 m apart)
Q90815094,Vall Cobert,266090,Valentia,571,0.53,different (auto: similarity < 0.55 and > 300 m apart)
Q127514919,Ancient Roman circus of Segobriga,889710846,Circus at Segobriga,54,0.65,"same (auto: name equal within 5 km, or <= 500 m and similarity >= 0.65)"
Q106765015,Ad Aras,255951,Ad Aras,1667,1.0,"same (auto: name equal within 5 km, or <= 500 m and similarity >= 0.65)"
Q136404917,Beatia,38324771,Baeça,0,0.55,same (assistant review: Beatia = Baeza)
Q136405205,Bayyasa,38324771,Baeça,0,0.5,same (assistant review: Bayyasa is Arabic Baeza)
Q29575107,Segontia,246639,Segontia,806,1.0,"same (auto: name equal within 5 km, or <= 500 m and similarity >= 0.65)"
Q3485393,Complutum,246352,Complutum,241,1.0,"same (auto: name equal within 5 km, or <= 500 m and similarity >= 0.65)"
Q6142720,Roman thermae of Clunia,838441539,Roman forum of Col. Clunia (Sulpicia),371,0.61,different (assistant review: baths vs forum)
Q43177366,Los Mercados,236596,Paredes de los Mercados,613,0.69,"different (default: kept separate, identity could not be determined; overwrite with your decision)"
Q130474439,Venta de los Toros de Guisando,534902876,Bulls of Guisando,14,0.55,same (assistant review: same Bulls of Guisando site)
Q6169576,Yacimiento arqueológico del monte Ornedo,399967975,"Santa Marina, Monte Ornedo, Valdeolea",6,0.55,same (assistant review: same Monte Ornedo site)
Q16519082,Tullonium,246710,Tullonium,1517,1.0,"same (auto: name equal within 5 km, or <= 500 m and similarity >= 0.65)"
Q52189963,Carasta,246291,Carasta,3805,1.0,"same (auto: name equal within 5 km, or <= 500 m and similarity >= 0.65)"
Q124397770,Kosnoaga,246454,Kosnoaga,1216,1.0,"same (auto: name equal within 5 km, or <= 500 m and similarity >= 0.65)"
Q124835035,Astúlez Castle,246196,Astulez,289,0.67,"same (auto: name equal within 5 km, or <= 500 m and similarity >= 0.65)"
Q123908305,Kutzemendi,246455,Kutzemendi,3434,1.0,"same (auto: name equal within 5 km, or <= 500 m and similarity >= 0.65)"
Q124334270,La Ermita,246385,La Ermita,3834,1.0,"same (auto: name equal within 5 km, or <= 500 m and similarity >= 0.65)"
Q124347847,Santuste,246624,Santuste,3757,1.0,"same (auto: name equal within 5 km, or <= 500 m and similarity >= 0.65)"
Q2995995,Contrebia Leucade,246356,Contrebia Leucada,3157,0.94,"same (assistant review: same city, spelling variant)"
Q3078689,forum of Caesaraugusta,246344,Col. Caesaraugusta,150,0.8,"same (auto: name equal within 5 km, or <= 500 m and similarity >= 0.65)"
Q6170974,Cesaracosta,246344,Col. Caesaraugusta,23,0.62,"same (assistant review: Caesaraugusta, later name)"
Q11947752,Sarakusta,246344,Col. Caesaraugusta,32,0.59,same (assistant review: Sarakusta is Arabic Caesaraugusta)
Q6142718,Roman thermae of Caesaraugusta,320965806,Roman theater of Zaragoza,133,0.69,"same (auto: name equal within 5 km, or <= 500 m and similarity >= 0.65)"
Q6153902,Turiasu,246712,Turiaso,784,0.86,same (assistant review: Turiasu = Turiaso (Tarazona))
Q43175511,Alto Chacón,999013462,"Alto Chacón, Teruel",12,0.73,"same (auto: name equal within 5 km, or <= 500 m and similarity >= 0.65)"
Q43177121,Yacimiento de Augustobriga,246208,Augustobriga,641,0.63,same (assistant review: same Augustobriga site)
Q43178660,Iberian settlement of Cabezo de San Pedro,246269,Cabezo de S. Pedro,50,0.58,same (assistant review: same settlement)
Q54854782,River Port of Caesaraugusta,246344,Col. Caesaraugusta,308,0.67,"same (auto: name equal within 5 km, or <= 500 m and similarity >= 0.65)"
Q125858037,roman theatre of Arcobriga,246183,Arcobriga,97,0.51,different (assistant review: theatre inside the town)
Q16518701,Pompaelo,246567,Pompelo,259,0.93,"same (auto: name equal within 5 km, or <= 500 m and similarity >= 0.65)"
Q1826410,amphitheatre of Bordeaux,700097745,Roman amphitheater at Burdigala,44,0.62,same (assistant review: same amphitheatre)
Q2928315,Burdigala,138248,Burdigala,250,1.0,"same (auto: name equal within 5 km, or <= 500 m and similarity >= 0.65)"
Q8246241,Beneharnum,246237,Bene(h)arnum,1090,0.91,same (assistant review: same ancient town)
Q11926303,Iaca,246422,Iac(c)a,145,0.73,"same (auto: name equal within 5 km, or <= 500 m and similarity >= 0.65)"
Q3556392,Vestiges gallo-romains d'Andernos-les-Bains,955642978,Andernos-les-Bains,8,0.59,same (assistant review: same Gallo-Roman site)
Q12253894,Arditurri,246185,Arditurri,1431,1.0,"same (auto: name equal within 5 km, or <= 500 m and similarity >= 0.65)"
Q12254567,Pont romain d'Ascain,855536858,Roman bridge at Ascain,1,0.67,"same (auto: name equal within 5 km, or <= 500 m and similarity >= 0.65)"
Q16516038,Alantone,246152,Alantone,2626,1.0,"same (auto: name equal within 5 km, or <= 500 m and similarity >= 0.65)"
Q113110658,Forau de la Tuta,858923148,Forau de la Tuta,1452,1.0,"same (auto: name equal within 5 km, or <= 500 m and similarity >= 0.65)"
Q131705169,Vicus Julii,246201,*Atura/Vicus Iulii,188,0.71,"same (auto: name equal within 5 km, or <= 500 m and similarity >= 0.65)"
Q3354370,Oppidum of Moulay,69535,Moulay,156,0.52,same (assistant review: same oppidum)
Q6806980,Mediolanum Santonum,138458,Mediolanum,248,0.69,"same (auto: name equal within 5 km, or <= 500 m and similarity >= 0.65)"
Q3189832,Iuliomagus,138400,Iuliomagus,624,1.0,"same (auto: name equal within 5 km, or <= 500 m and similarity >= 0.65)"
Q3346700,Nymphée gallo-romain de Gennes,558037429,Gallo-Roman amphitheater-theater of Gennes,524,0.56,different (assistant review: nymphaeum vs theatre)
Q3542063,Péré tumulus,177113801,Tumulus de Péré,7,0.52,same (assistant review: same tumulus)
Q3962375,Site gallo-romain de Barzan,138606,Barzan (Gallo-Roman Site),110,0.55,same (assistant review: same Gallo-Roman site)
Q11682090,Géant du Manio,316390354,Alignements du Manio,311,0.76,"same (auto: name equal within 5 km, or <= 500 m and similarity >= 0.65)"
Q15930186,quadrilatère du Manio,316390354,Alignements du Manio,335,0.59,different (assistant review: different Carnac monuments)
Q20827778,Péré tumulus C,177113801,Tumulus de Péré,11,0.55,"different (default: kept separate, identity could not be determined; overwrite with your decision)"
Q22925623,Oppidum de Castel-Coz,678429962,Gallic oppidum of Castel-Coz,31,0.78,"same (auto: name equal within 5 km, or <= 500 m and similarity >= 0.65)"
Q22955716,castrum de Saintes,348176410,Roman amphitheater of Saintes,78,0.51,different (assistant review: castrum vs amphitheatre)
Q22962385,Théâtre de Jublains,511519022,"Roman theater, Jublains",4,0.76,"same (auto: name equal within 5 km, or <= 500 m and similarity >= 0.65)"
Q28041195,Ancient Roman sites in Corseul,76617563,Monterfil II at Corseul ,225,0.53,different (assistant review: town remains vs one villa site)
Q103143485,Arthon-en-Retz (Samian Ware Discovery Site),138196,Arthon-en-Retz,269,0.5,same (assistant review: same Roman site)
Q103162108,Fontenay-le-Comte (Samian Ware Discovery Site),138362,Fontenay-le-Comte,815,0.55,different (auto: similarity < 0.55 and > 300 m apart)
Q103177315,Locmariaquer (Samian Ware Discovery Site),729404980,Locmariaquer megaliths,544,0.52,different (auto: similarity < 0.55 and > 300 m apart)
Q111397403,Théâtre antique de Petit-Mars,138512,Petit-Mars,581,0.51,different (auto: similarity < 0.55 and > 300 m apart)
Q131842318,temple de Sanxay,138575,Sanxay,116,0.55,different (assistant review: temple inside sanctuary complex)
Q136557261,sanctuaire romain à Chapelle-des-Fougeretz,69486,La Chapelle-des-Fougeretz,197,0.72,"same (auto: name equal within 5 km, or <= 500 m and similarity >= 0.65)"
Q1235312,Dolaucothi Gold Mines,82301,"Gold Mines at Dolaucothi, Wales",0,0.54,same (assistant review: same gold mines)
Q1419982,Okehampton Castle,781089344,Okehampton Roman fort and fortlet,967,0.6,different (assistant review: medieval castle vs Roman fort)
Q16933615,Priddy Nine Barrows and Ashen Hill Barrow Cemeteries,938383740,Priddy Nine Barrows,242,0.54,"different (default: kept separate, identity could not be determined; overwrite with your decision)"
Q8027762,Wiston Castle,1754699,Wiston fort,652,0.67,different (assistant review: Norman castle vs Roman fort)
Q14906524,Carmarthen Castle,780447856,Carmarthen,146,0.74,"same (auto: name equal within 5 km, or <= 500 m and similarity >= 0.65)"
Q6707731,Lydney Park,79583,Lydney,331,0.71,"same (auto: name equal within 5 km, or <= 500 m and similarity >= 0.65)"
Q15133921,Halstock Roman villa,79499,Halstock,759,0.57,"different (default: kept separate, identity could not be determined; overwrite with your decision)"
Q17641982,Ilchester Roman town,79527,Ilchester Mead,190,0.71,"same (auto: name equal within 5 km, or <= 500 m and similarity >= 0.65)"
Q17641999,Wansdyke: section E of Maes Knoll camp,42178779,Maes Knoll Camp,365,0.57,different (assistant review: dyke section vs hillfort)
Q17646495,Bowl barrow 590m south-east of Charterhouse Warren Farm,100635258,Charterhouse Warren Farm Shaft,618,0.56,different (assistant review: barrow vs shaft)
Q17647230,Eggardon Hill disc barrow,648193528,Eggardon hill fort,557,0.7,different (assistant review: barrow vs hillfort)
Q17647245,Ashen Hill barrow cemetery,565942846,Ashen Hill Barrows,95,0.77,"same (auto: name equal within 5 km, or <= 500 m and similarity >= 0.65)"
Q17647908,Dyke SE of Eggardon Hill camp,648193528,Eggardon hill fort,825,0.6,different (assistant review: dyke vs hillfort)
Q17648122,Bowl barrow 460m east of Charterhouse Warren Farm,100635258,Charterhouse Warren Farm Shaft,470,0.61,different (assistant review: barrow vs shaft)
Q17648136,Bowl barrow 870m southwest of Charterhouse Warren Farm,100635258,Charterhouse Warren Farm Shaft,883,0.57,different (assistant review: barrow vs shaft)
Q20590305,Cefn Brynich,891506482,Cefn-Brynich,0,1.0,"same (auto: name equal within 5 km, or <= 500 m and similarity >= 0.65)"
Q20596001,Cae Gaer,8861236,Cae Gaer Roman fort,98,0.59,same (assistant review: same Roman fort)
Q20596991,Gelli-gaer Roman fort,25712422,Gelligaer Roman Fort II,93,0.91,"same (auto: name equal within 5 km, or <= 500 m and similarity >= 0.65)"
Q31116346,Lydney Park Camp,41565000,Lydney Roman temple,97,0.63,different (assistant review: hillfort camp vs temple)
Q56294782,Hindwell palisaded enclosure,810017626,Hindwell Farm,392,0.54,different (auto: similarity < 0.55 and > 300 m apart)
Q103159302,Charterhouse-on-Mendip (Samian Ware Discovery Site),100635258,Charterhouse Warren Farm Shaft,737,0.55,different (assistant review: find site vs shaft)
Q103162513,Gellygaer (Samian Ware Discovery Site),25712422,Gelligaer Roman Fort II,346,0.57,"different (default: kept separate, identity could not be determined; overwrite with your decision)"
Q103195306,Shepton Mallet (Samian Ware Discovery Site),79682,Shepton Mallet,9,0.5,same (assistant review: same Roman settlement)
Q122217570,Caerleon Legionary Fortress,642665249,Caerleon Roman amphitheatre,165,0.52,different (assistant review: fortress vs amphitheatre)
Q122217918,Hindwell Farm Round Barrows,810017626,Hindwell Farm,532,0.65,different (assistant review: barrows vs Hindwell enclosure site)
Q122219452,Pumpsaint Roman Fort,79578,Pumsaint Roman Fort (ancient Louentinon?),6,0.64,same (assistant review: same Roman fort)
Q122219588,Carmarthen Roman Fort (part of),780447856,Carmarthen,60,0.5,"different (default: kept separate, identity could not be determined; overwrite with your decision)"
Q122221748,"Pen-y-gaer Roman Vicus, Cwmdu",776990479,Pen-y-Gaer Roman fort,109,0.68,"same (auto: name equal within 5 km, or <= 500 m and similarity >= 0.65)"
Q125483365,"Hindwell Ash, Barrow",810017626,Hindwell Farm,548,0.67,different (assistant review: barrow vs Hindwell enclosure site)
Q125483384,Cold Knap Round Barrow,20876903,Cold Knap Roman Building,549,0.65,different (assistant review: barrow vs Roman building)
Q125484716,"Hindwell Farm, Barrow II",810017626,Hindwell Farm,663,0.7,different (assistant review: barrow vs Hindwell enclosure site)
Q125484803,Carrow Hill Round Barrow,792788520,Carrow Hill Roman fort,300,0.74,"same (auto: name equal within 5 km, or <= 500 m and similarity >= 0.65)"
Q125484818,Pendinas Round Barrow,964510419,Pen Dinas hill fort,204,0.5,different (assistant review: barrow vs hillfort)
Q125484832,Carrow Hill Round Barrow Pair,792788520,Carrow Hill Roman fort,51,0.67,"same (auto: name equal within 5 km, or <= 500 m and similarity >= 0.65)"
Q125489764,"Hindwell Farm, Barrow II",810017626,Hindwell Farm,425,0.7,"same (auto: name equal within 5 km, or <= 500 m and similarity >= 0.65)"
Q139593569,Romano-Celtic temple at Great Bulmore,972561590,Great Bulmore,104,0.52,different (assistant review: temple vs settlement)
Q139593604,shrine at Cadbury Castle,859366031,Cadbury Castle,35,0.74,"same (auto: name equal within 5 km, or <= 500 m and similarity >= 0.65)"
Q139593605,Roman temple at Cadbury Castle,859366031,Cadbury Castle,35,0.64,different (assistant review: temple inside hillfort)
Q139831325,Catsgore Roman villa,79380,Catsgore,487,0.57,"different (default: kept separate, identity could not be determined; overwrite with your decision)"
Q139593821,Roman shrine at Ariconium,79302,Ariconium,150,0.53,different (assistant review: shrine inside the town)
Q139882671,Lenthay Roman villa,79558,Lenthay,534,0.54,different (auto: similarity < 0.55 and > 300 m apart)
Q130619391,Caerleon Roman Baths,642665249,Caerleon Roman amphitheatre,308,0.72,"same (auto: name equal within 5 km, or <= 500 m and similarity >= 0.65)"
Q130619472,Caerleon Roman Barracks,642665249,Caerleon Roman amphitheatre,327,0.68,"same (auto: name equal within 5 km, or <= 500 m and similarity >= 0.65)"
Q140175993,Brean Down,79351,Brean Down,1614,1.0,"same (auto: name equal within 5 km, or <= 500 m and similarity >= 0.65)"
Q140176030,"Pagans Hill, Chew Stoke",678530353,Pagans Hill Roman Temple,20,0.64,same (assistant review: same temple site)
Q602078,Aballava,89092,Aballava,33,1.0,"same (auto: name equal within 5 km, or <= 500 m and similarity >= 0.65)"
Q16156676,Milecastle 50TW,967060307,Milecastle 50 (High House),185,0.65,"same (auto: name equal within 5 km, or <= 500 m and similarity >= 0.65)"
Q5016935,Caersws Roman Forts,79363,Caersws,158,0.54,"different (default: kept separate, identity could not be determined; overwrite with your decision)"
Q3402065,Bryn Gwyn stones,698771115,Castell Bryn Gwyn,312,0.55,different (auto: similarity < 0.55 and > 300 m apart)
Q18646362,Rutunium,79663,Rutunium?,2743,1.0,"same (auto: name equal within 5 km, or <= 500 m and similarity >= 0.65)"
Q6851183,Milecastle 50,967060307,Milecastle 50 (High House),1,0.68,"same (auto: name equal within 5 km, or <= 500 m and similarity >= 0.65)"
Q97404308,Lancaster Roman Fort,902277617,Lancaster Castle,216,0.67,"same (auto: name equal within 5 km, or <= 500 m and similarity >= 0.65)"
Q1457014,Villa rustica of Acton Scott,79282,Acton Scott,593,0.56,"different (default: kept separate, identity could not be determined; overwrite with your decision)"
Q17642689,Watercrook Roman fort and civil settlement,89102,Watercrook Roman Fort and Settlement,23,0.92,"same (auto: name equal within 5 km, or <= 500 m and similarity >= 0.65)"
Q38614061,Caersws Castle,79363,Caersws,305,0.67,"same (auto: name equal within 5 km, or <= 500 m and similarity >= 0.65)"
Q103186770,Nether Denton (Samian Ware Discovery Site),24547397,Nether Denton Roman fort,480,0.62,same (assistant review: samian find site is the fort)
Q103191140,Ravenglass (Samian Ware Discovery Site),304814760,Ravenglass Roman Bath House,278,0.52,different (assistant review: fort find site vs bath house)
Q117267146,Condate,79400,Condate,30,1.0,"same (auto: name equal within 5 km, or <= 500 m and similarity >= 0.65)"
Q125487857,Tomen-y-Mur: Barrow and Possible Barrows Southeast of,877655066,Tomen y Mur amphitheatre,776,0.52,different (auto: similarity < 0.55 and > 300 m apart)
Q125487861,Square Barrow SE of Tomen-y-Mur,142376597,Tomen y mur,528,0.52,different (auto: similarity < 0.55 and > 300 m apart)
Q139593565,Roman shrine at Caer Gai,42633537,Caer Gai,178,0.5,different (assistant review: shrine vs fort)
Q140175704,Caersws Vicus 84-93,79363,Caersws,67,0.54,"different (default: kept separate, identity could not be determined; overwrite with your decision)"
Q140175816,"Quay Meadow, Lancaster",89222,Lancaster,391,0.58,"different (default: kept separate, identity could not be determined; overwrite with your decision)"
Q140175855,site of a mithraeum near Segontium,702114508,Mithraeum at Segontium,225,0.75,"same (auto: name equal within 5 km, or <= 500 m and similarity >= 0.65)"
Q4443202,Stonehenge Avenue,509089189,Stonehenge,184,0.74,"same (auto: name equal within 5 km, or <= 500 m and similarity >= 0.65)"
Q5697984,Heel Stone,509089189,Stonehenge,159,0.5,different (assistant review: single stone vs Stonehenge)
Q7619217,Stonehenge Cursus,509089189,Stonehenge,691,0.74,different (assistant review: cursus vs Stonehenge)
Q17641192,Roman road E of St Catherine's Hill,772811914,St. Catherine's Hill,713,0.69,different (assistant review: road vs hill site)
Q17645299,Causewayed camp on Hambledon Hill,28868344,Hambledon Hill,646,0.6,different (assistant review: Neolithic camp vs hillfort)
Q17645457,Barrows near Dorset Cursus,251814621,Dorset Cursus,279,0.67,"same (auto: name equal within 5 km, or <= 500 m and similarity >= 0.65)"
Q17647330,West Dean Roman villa,79751,West Dean,182,0.6,"different (default: kept separate, identity could not be determined; overwrite with your decision)"
Q17646825,Clearbury Down round barrow,156313336,Clearbury Ring,960,0.54,different (auto: similarity < 0.55 and > 300 m apart)
Q17650252,Twyford Roman villa,50794109,Twyford,38,0.54,"different (default: kept separate, identity could not be determined; overwrite with your decision)"
Q17650369,Worthy Down ditch,580698597,Worthy Down,958,0.79,"different (default: kept separate, identity could not be determined; overwrite with your decision)"
Q103179915,Maiden Castle (Samian Ware Discovery Site),232755444,"Maiden Castle, Dorset",641,0.58,same (assistant review: samian find site is Maiden Castle)
Q139593607,shrine at Bucknowle,79359,Bucknowle,962,0.64,different (assistant review: shrine vs villa)
Q139593678,Roman shrine in Thruxton,79713,Thruxton,917,0.5,different (auto: similarity < 0.55 and > 300 m apart)
Q139593933,shrine at Maiden Castle,232755444,"Maiden Castle, Dorset",54,0.59,different (assistant review: shrine inside hillfort)
Q139593943,Romano-Celtic temple at Badbury Rings,511968274,Badbury Rings,342,0.52,different (auto: similarity < 0.55 and > 300 m apart)
Q139858089,Downton Roman villa,79426,Downton,470,0.54,different (auto: similarity < 0.55 and > 300 m apart)
Q140175821,Thruxton,79713,Thruxton,917,1.0,"same (auto: name equal within 5 km, or <= 500 m and similarity >= 0.65)"
Q140176010,Badbury Rings site,511968274,Badbury Rings,342,0.84,"same (auto: name equal within 5 km, or <= 500 m and similarity >= 0.65)"
Q140276698,Longstock,79577,Longstock,1935,1.0,"same (auto: name equal within 5 km, or <= 500 m and similarity >= 0.65)"
Q140277418,Netheravon Roman villa,79608,Netheravon,421,0.62,"different (default: kept separate, identity could not be determined; overwrite with your decision)"
Q17646731,Falkner's Circle,834766850,Avebury stone circle,978,0.56,different (assistant review: separate stone circle)
Q2540426,Roman Baths,344059954,Roman Baths (Bath),14,0.79,"same (auto: name equal within 5 km, or <= 500 m and similarity >= 0.65)"
Q815277,Belas Knap,954446706,Belas Knap Longbarrow,7,0.65,same (assistant review: same long barrow)
Q15133929,Villa Rustica (Stonesfield),79697,Stonesfield,615,0.59,"different (default: kept separate, identity could not be determined; overwrite with your decision)"
Q15133938,Villa Rustica (Withington),79767,Withington,716,0.57,"different (default: kept separate, identity could not be determined; overwrite with your decision)"
Q15133970,Frocester Court Roman villa,79471,Frocester,461,0.5,different (auto: similarity < 0.55 and > 300 m apart)
Q17645679,"Lillyhorn Roman villa, Bournes Green",343752424,Lillyhorn Roman villa,41,0.74,"same (auto: name equal within 5 km, or <= 500 m and similarity >= 0.65)"
Q17649250,Whittington moated site,79758,Whittington,331,0.65,different (assistant review: medieval moated site vs villa)
Q17649424,"West Kennet bell barrow, 160m north-west of West Kennet long barrow",882076328,West Kennet Long Barrow,270,0.51,different (assistant review: bell barrow vs long barrow)
Q17671889,Linear round barrow cemetery 200m ENE of West Kennett long barrow,882076328,West Kennet Long Barrow,279,0.52,different (assistant review: barrow cemetery vs long barrow)
Q17677005,A bowl barrow on the southern spur of Beacon Hill,542003616,Cross dyke and bowl barrow on the northern spur of Beacon Hill,707,0.85,different (assistant review: southern spur vs northern spur)
Q103145790,Barnwood (Samian Ware Discovery Site),26017957,Barnwood Roman cemetery,631,0.58,"different (default: kept separate, identity could not be determined; overwrite with your decision)"
Q131296640,Avebury Cove Stone II,834766850,Avebury stone circle,52,0.73,"same (auto: name equal within 5 km, or <= 500 m and similarity >= 0.65)"
Q131296639,Avebury Cove Stone I,834766850,Avebury stone circle,49,0.75,"same (auto: name equal within 5 km, or <= 500 m and similarity >= 0.65)"
Q131296648,Avebury Ring Stone,834766850,Avebury stone circle,144,0.68,"same (auto: name equal within 5 km, or <= 500 m and similarity >= 0.65)"
Q131296654,Stone vi,834766850,Avebury stone circle,75,0.5,different (assistant review: single stone vs stone circle)
Q131296652,Stone iv,834766850,Avebury stone circle,69,0.5,different (assistant review: single stone vs stone circle)
Q131471307,Avenue Stone 4,834766850,Avebury stone circle,252,0.65,different (assistant review: avenue stone vs stone circle)
Q136815542,Uffington,549429628,Uffington Castle,208,0.72,"same (auto: name equal within 5 km, or <= 500 m and similarity >= 0.65)"
Q139593713,Roman temple in Camerton,79370,Camerton,61,0.5,different (assistant review: temple vs settlement)
Q140277590,Newton St. Loe Roman villa,79615,Newton St. Loe,984,0.7,"different (default: kept separate, identity could not be determined; overwrite with your decision)"
Q140763713,Sutton Courtenay Roman villa,79702,Sutton Courtenay,757,0.73,"different (default: kept separate, identity could not be determined; overwrite with your decision)"
Q140175838,Chedworth Woods,79383,Chedworth,841,0.75,"different (default: kept separate, identity could not be determined; overwrite with your decision)"
Q140176072,"Bath, The Temple of Sulis Minerva (precinct)",360820443,Temple of Sulis Minerva,40,0.7,"same (auto: name equal within 5 km, or <= 500 m and similarity >= 0.65)"
Q140176073,"Bath, Kings Bath's",242559905,Hot Baths ,132,0.52,different (assistant review: King's Bath vs Hot Bath)
Q140276946,Lower Lea Roman settlement,79580,Lower Lea,203,0.51,same (assistant review: same Roman settlement)
Q139594043,"shrine at Bath, Hot Bath Spring",344059954,Roman Baths (Bath),136,0.54,different (assistant review: shrine vs baths complex)
Q139594045,"shrine at Bath, Kings Bath's",344059954,Roman Baths (Bath),28,0.58,different (assistant review: shrine vs baths complex)
Q17644091,Fishbourne Roman site,79466,Fishbourne,195,0.65,same (assistant review: same Roman site)
Q17676242,Bowl barrow 200m west of Chanctonbury Ring hillfort,997496371,Chanctonbury Ring,201,0.5,different (assistant review: barrow vs hillfort)
Q17677259,Bowl barrow 825m north of Old Winchester Hill,928877230,Bronze Age Barrow at Old Winchester Hill,851,0.73,different (assistant review: different barrows)
Q140176018,site of temples at Chanctonbury Ring,997496371,Chanctonbury Ring,8,0.64,different (assistant review: temples inside hillfort)
Q139593960,Roman shrine at Chanctonbury Hill,997496371,Chanctonbury Ring,8,0.56,different (assistant review: shrine inside hillfort)
Q139593980,shrine at Farley Heath,79459,Farley Heath,47,0.71,"same (auto: name equal within 5 km, or <= 500 m and similarity >= 0.65)"
Q139593981,Romano-Celtic temple at Farley Heath,79459,Farley Heath,47,0.5,"different (default: kept separate, identity could not be determined; overwrite with your decision)"
Q108597487,Wymondley Roman Villa,432329375,Wymondley Roman Villa,8,1.0,"same (auto: name equal within 5 km, or <= 500 m and similarity >= 0.65)"
Q60718550,Roman villa (Boxmoor),79342,Boxmoor,24,0.52,"different (default: kept separate, identity could not be determined; overwrite with your decision)"
Q11691558,Cosgrove,79404,Cosgrove,117,1.0,"same (auto: name equal within 5 km, or <= 500 m and similarity >= 0.65)"
Q345542,Ad Pontes,79642,Pontes,341,0.8,"same (auto: name equal within 5 km, or <= 500 m and similarity >= 0.65)"
Q16574981,Magiovinium,79586,Magiovinium,62,1.0,"same (auto: name equal within 5 km, or <= 500 m and similarity >= 0.65)"
Q62378,Tower of London,605937276,Roman forum of London,714,0.67,different (assistant review: medieval tower vs forum)
Q17645317,"Verulamium, part of wall and ditch of Roman city",113035707,Verulamium Roman theater,775,0.5,different (auto: similarity < 0.55 and > 300 m apart)
Q24661485,The Castle,79289,Alchester,170,0.53,"different (default: kept separate, identity could not be determined; overwrite with your decision)"
Q66480747,"Roman Bath House, Shadwell",662780373,Shadwell Roman Bathhouse,21,0.6,same (assistant review: same bath house)
Q103198149,Totternhoe (Samian Ware Discovery Site),79720,Totternhoe Roman Villa,901,0.53,different (auto: similarity < 0.55 and > 300 m apart)
Q103199512,Walton on the Hill (Samian Ware Discovery Site),79745,Walton-on-the-Hill,62,0.56,same (assistant review: same Roman site)
Q123362443,Verulamium forum,79739,Verulamium,216,0.77,"same (auto: name equal within 5 km, or <= 500 m and similarity >= 0.65)"
Q139593559,Roman shrine in Alchester,79289,Alchester,182,0.53,different (assistant review: shrine inside the town)
Q137824196,Stanwick,79695,Stanwick,440,1.0,"same (auto: name equal within 5 km, or <= 500 m and similarity >= 0.65)"
Q139593755,temple-mausoleum at Bancroft villa,79312,Bancroft Roman villa,287,0.52,different (assistant review: mausoleum vs villa)
Q139593756,Roman shrine at Bancroft villa,79312,Bancroft Roman villa,287,0.56,different (assistant review: shrine vs villa)
Q139593799,shrine at Stanwick,79695,Stanwick,440,0.62,different (assistant review: shrine vs settlement)
Q139593934,Roman shrine in Irchester,79530,Irchester,73,0.53,different (assistant review: shrine inside the town)
Q139593977,shrine at Woodeaton,79769,Woodeaton,656,0.64,"different (default: kept separate, identity could not be determined; overwrite with your decision)"
Q139593978,Roman temple at Woodeaton,79769,Woodeaton,656,0.53,different (auto: similarity < 0.55 and > 300 m apart)
Q139806868,Brixworth Roman villa,79358,Brixworth,764,0.6,"different (default: kept separate, identity could not be determined; overwrite with your decision)"
Q140449816,Park Street Roman villa,79637,Park Street,54,0.65,"different (default: kept separate, identity could not be determined; overwrite with your decision)"
Q140176038,"The Place, Southwark",404424015,Southwark,245,0.62,different (assistant review: single site vs whole district)
Q140176074,Bancroft Farm,79312,Bancroft Roman villa,221,0.61,"different (default: kept separate, identity could not be determined; overwrite with your decision)"
Q139860800,Great Weldon Roman villa,79491,Great Weldon,595,0.67,"different (default: kept separate, identity could not be determined; overwrite with your decision)"
Q139882660,Latimer Roman villa,79555,Latimer,669,0.54,different (auto: similarity < 0.55 and > 300 m apart)
Q139882731,Litlington Roman villa,79568,Litlington,269,0.62,"different (default: kept separate, identity could not be determined; overwrite with your decision)"
Q139857954,Deanshanger Roman villa,79415,Deanshanger,918,0.65,"different (default: kept separate, identity could not be determined; overwrite with your decision)"
Q140175696,"Walbrook, London",605937276,Roman forum of London,562,0.59,different (assistant review: stream area vs forum)
Q140175921,"Baker’s Close, Baldock",79311,Baldock,297,0.5,different (assistant review: excavation site within the town)
Q140175923,"Walls Field, Baldock",79311,Baldock,153,0.52,different (assistant review: excavation site within the town)
Q140175924,"Wynn Close, Baldock",79311,Baldock,191,0.54,different (assistant review: excavation site within the town)
Q140175936,"Piper's Lane, Durovigutum",79440,Durovigutum,311,0.61,different (assistant review: excavation site within the town)
Q140175937,"Pinfold Lane, Durovigutum",79440,Durovigutum,189,0.61,different (assistant review: excavation site within the town)
Q141130977,"Rokey Wood, Barkway",875809153,Barkway,211,0.54,"different (default: kept separate, identity could not be determined; overwrite with your decision)"
Q17678418,"Rainsborough long barrow, Charlton",419293087,Rainsborough Camp,155,0.55,different (assistant review: long barrow vs hillfort)
Q4876064,Beadlam Roman villa,89113,Beadlam,40,0.54,"different (default: kept separate, identity could not be determined; overwrite with your decision)"
Q17641751,Roman fort W of Eaton House,351382928,Eaton House Fort,23,0.51,same (assistant review: same Roman fort)
Q17641837,Camp NE of Stretton Mill,456084465,Stretton Mill Fort,8,0.62,same (assistant review: same Roman fort)
Q17642142,Littlechester Roman site,827577267,Strutt's Park Roman fort,426,0.5,different (auto: similarity < 0.55 and > 300 m apart)
Q17642929,Roman villa at Oldcoates,79629,Oldcoates,263,0.55,"different (default: kept separate, identity could not be determined; overwrite with your decision)"
Q17643999,Haceby moated site,79497,Haceby,175,0.5,different (assistant review: medieval moated site vs Roman site)
Q17644117,Caistor Roman town,79366,Caistor,183,0.56,same (assistant review: same Roman town)
Q17645636,Lincoln Roman colonia (Lindum),79395,Col. Lindum,41,0.55,same (assistant review: same Roman colonia)
Q17645931,Kirmond-le-Mire Roman villa,79548,Kirmond-le-Mire,637,0.71,"different (default: kept separate, identity could not be determined; overwrite with your decision)"
Q17647743,Aldborough Roman Town,735520831,Aldborough Studforth Hill,264,0.57,different (assistant review: town vs separate Studforth Hill site)
Q17650406,Haltwhistle Burn Roman temporary camps 2 and 3 and area of cord rig cultivation,711363920,Haltwhistle Burn Temporary Camp 4,237,0.57,different (assistant review: different temporary camps)
Q17675549,Cawfields Roman temporary camp,711363920,Haltwhistle Burn Temporary Camp 4,495,0.7,"same (auto: name equal within 5 km, or <= 500 m and similarity >= 0.65)"
Q17675603,Burnhead Roman temporary camp,711363920,Haltwhistle Burn Temporary Camp 4,651,0.61,different (assistant review: different temporary camps)
Q17676349,Burwen Castle Roman forts,89260,Elslack Roman Fort,64,0.6,same (assistant review: Burwen Castle is Elslack fort)
Q17677934,Cataractonium Roman forts and town,89143,Cataractonium,226,0.55,same (assistant review: same forts and town)
Q24643199,Fengate,649485970,Fen Causeway,324,0.53,different (auto: similarity < 0.55 and > 300 m apart)
Q24661318,Ancaster fortification,79292,Ancaster,237,0.53,"different (default: kept separate, identity could not be determined; overwrite with your decision)"
Q103161303,Elslack (Samian Ware Discovery Site),89260,Elslack Roman Fort,848,0.53,different (auto: similarity < 0.55 and > 300 m apart)
Q103162827,Great Casterton (Samian Ware Discovery Site),79487,Great Casterton,3,0.52,same (assistant review: same Roman site)
Q103177589,Longthorpe (Samian Ware Discovery Site),637347439,Longthorpe II,500,0.51,different (auto: similarity < 0.55 and > 300 m apart)
Q103188483,Orton Longueville (Samian Ware Discovery Site),933985295,Orton Longueville,696,0.55,different (auto: similarity < 0.55 and > 300 m apart)
Q103189534,Piercebridge (Samian Ware Discovery Site),607714945,Piercebridge Roman Bridge,856,0.58,different (assistant review: find site vs bridge)
Q103197761,Thistleton (Samian Ware Discovery Site),79712,Thistleton Roman Town,258,0.54,same (assistant review: same Roman town)
Q131819553,Roman Baths at Segedunum,89288,Segedunum,114,0.55,different (assistant review: baths vs the fort)
Q136763090,Piercebridge,89274,Piercebridge,55,1.0,"same (auto: name equal within 5 km, or <= 500 m and similarity >= 0.65)"
Q139593558,"Roman shrine at Kate's Cabin Farm, Water Newton",79432,Durobrivae (Water Newton),685,0.54,different (auto: similarity < 0.55 and > 300 m apart)
Q139593600,Roman shrine in Piercebridge,89274,Piercebridge,55,0.6,different (assistant review: shrine inside the settlement)
Q139593601,Roman shrine at Piercebridge Roman Bridge,607714945,Piercebridge Roman Bridge,377,0.76,"same (auto: name equal within 5 km, or <= 500 m and similarity >= 0.65)"
Q139593688,Romano-Celtic temple at Vindolanda,263044964,Military Bath House at Vindolanda,271,0.51,different (assistant review: temple vs bath house)
Q139593691,Roman temple tomb 2 at Vindolanda,263044964,Military Bath House at Vindolanda,237,0.52,different (assistant review: temple tomb vs bath house)
Q139780754,Apethorpe Roman villa,79297,Apethorpe,957,0.6,"different (default: kept separate, identity could not be determined; overwrite with your decision)"
Q139593689,Roman temple tomb 1 at Vindolanda,263044964,Military Bath House at Vindolanda,248,0.52,different (assistant review: temple tomb vs bath house)
Q139593692,dolichenum at Vindolanda,263044964,Military Bath House at Vindolanda,190,0.63,different (assistant review: dolichenum vs bath house)
Q139593733,Roman shrine in York,299493181,Roman colonia at York,800,0.63,different (assistant review: shrine inside the colonia)
Q139593734,Roman temple in York,767346634,Roman Fortress at York,113,0.67,"same (auto: name equal within 5 km, or <= 500 m and similarity >= 0.65)"
Q139593753,Roman shrine in Kirmington,849071429,Kirmington,29,0.56,different (assistant review: shrine vs settlement)
Q139593796,Roman temple in Ailsworth,79286,Ailsworth,744,0.53,different (auto: similarity < 0.55 and > 300 m apart)
Q140277629,Norfolk Street Roman villa,79617,Norfolk Street,167,0.7,"same (auto: name equal within 5 km, or <= 500 m and similarity >= 0.65)"
Q140761851,Sapcote Roman villa,79671,Sapcote,650,0.54,different (auto: similarity < 0.55 and > 300 m apart)
Q140762521,Southwell Roman villa,79689,Southwell,146,0.6,"different (default: kept separate, identity could not be determined; overwrite with your decision)"
Q140984325,Templeborough Roman fort,79710,Templebrough,29,0.67,"same (auto: name equal within 5 km, or <= 500 m and similarity >= 0.65)"
Q140277448,Newbald Roman villa,79611,Newbald,862,0.54,different (auto: similarity < 0.55 and > 300 m apart)
Q140175829,dolichenum site at Vindonlanda,263044964,Military Bath House at Vindolanda,190,0.63,different (assistant review: dolichenum vs bath house)
Q140175955,"site of a possible temple, Aquae Arnemetiae",79298,Aquae *Arnemetiae,397,0.53,different (auto: similarity < 0.55 and > 300 m apart)
Q140176014,site of a temple at Benwell fort,967060357,Milecastle 6 (Benwell Grove),831,0.51,different (auto: similarity < 0.55 and > 300 m apart)
Q967414,Puig de sa Morisca Archaeological Park,173312608,Puig de Sa Morisca,285,0.64,"same (assistant review: same site, park name)"
Q1512868,Pollentia,266004,Pollentia,96,1.0,"same (auto: name equal within 5 km, or <= 500 m and similarity >= 0.65)"
Q3032861,Jedars,285435,Djedars,2347,0.92,same (assistant review: same Djedars tombs)
Q109626723,Rapidum,295329,Rapidum,1010,1.0,"same (auto: name equal within 5 km, or <= 500 m and similarity >= 0.65)"
Q16620555,Poblat prehistòric de Capocorb Vell,828393338,Capocorb Vell,58,0.54,same (assistant review: same talayotic settlement)
Q18413417,Torrellafuda,676647078,Torrellafuda,79,1.0,"same (auto: name equal within 5 km, or <= 500 m and similarity >= 0.65)"
Q1801333,Lambdia,295299,Lambdia,2330,1.0,"same (auto: name equal within 5 km, or <= 500 m and similarity >= 0.65)"
Q27267330,Taula de Torrellisar Vell,593715591,Naveta of Torre Llisà,532,0.61,different (assistant review: taula vs naveta)
Q28969513,Tigava Castra amphitheatre,295357,Tigava Castra,590,0.67,"different (default: kept separate, identity could not be determined; overwrite with your decision)"
Q43106628,Poblado talayótico de Torrellisar,593715591,Naveta of Torre Llisà,532,0.56,different (assistant review: settlement vs naveta)
Q43108106,Cova des Grans,32834410,Cova des Càrritx cave,130,0.63,different (assistant review: different caves)
Q43108175,Necròpolis de Torre del Ram,676585718,Hypogeum of Torre del Ram,957,0.65,different (assistant review: necropolis vs single hypogeum)
Q43108253,Poblat dels Tudons,983306646,Naveta des Tudons,889,0.74,different (assistant review: settlement vs naveta)
Q43108673,Balma de Son Mercer de Baix - sa Punta,43375550,Son Mercer de Baix,453,0.64,different (assistant review: rock shelter vs settlement)
Q43108678,Assentament de Son Mercer de Baix - tanca de sa Talaia,43375550,Son Mercer de Baix,716,0.5,different (auto: similarity < 0.55 and > 300 m apart)
Q43178825,Yacimiento de Son Peretó,123971451,Basílica de Son Peretó,10,0.7,"same (auto: name equal within 5 km, or <= 500 m and similarity >= 0.65)"
Q250523,Pont del Diable,247659,Puente del Diablo (Martorell),22,0.65,"same (auto: name equal within 5 km, or <= 500 m and similarity >= 0.65)"
Q930753,Roman Arch of Cabanes,265832,Cabanes,6,0.5,"different (default: kept separate, identity could not be determined; overwrite with your decision)"
Q3079841,Roman theatre of Tarraco,353133530,Roman amphitheater of Col. Tarraco,808,0.79,different (assistant review: theatre vs amphitheatre)
Q3137544,provincial forum of Tarraco,468980180,Circus of Col. Tarraco,228,0.61,different (assistant review: forum vs circus)
Q4894543,colonial forum of Tarraco,246349,Col. Tarraco,878,0.65,different (assistant review: forum inside the colonia)
Q11907308,Ausa,246212,Auso,240,0.75,"same (auto: name equal within 5 km, or <= 500 m and similarity >= 0.65)"
Q11945001,Imperial cult enclosure of   Provincial forum of Tarraco,468980180,Circus of Col. Tarraco,339,0.51,different (auto: similarity < 0.55 and > 300 m apart)
Q16184036,Jaciment de Can Modolell,246287,Can Modolell,522,0.67,same (assistant review: same site)
Q17587742,Barcino,246343,Col. Barcino,626,0.74,same (assistant review: same Roman colony)
Q20875090,Domus Avinyó,246343,Col. Barcino,950,0.5,different (auto: similarity < 0.55 and > 300 m apart)
Q21402399,Dolmen de Castellruf,671593468,Castell Ruf,197,0.65,different (assistant review: dolmen vs Castell Ruf site)
Q24024399,Poblat d'Olèrdola,246530,Olèrdola,7,0.64,same (assistant review: same settlement)
Q28088452,Can Sent-romà,250014,Can Sentromà (villa),41,0.75,"same (auto: name equal within 5 km, or <= 500 m and similarity >= 0.65)"
Q130744668,Visigothic Tarragona,468980180,Circus of Col. Tarraco,176,0.52,different (assistant review: late antique town vs circus)
Q131343798,Mithraeum d'Els Munts,250016,Villa dels Munts,394,0.7,"same (auto: name equal within 5 km, or <= 500 m and similarity >= 0.65)"
Q3051786,Elusa,246380,Elusa,93,1.0,"same (auto: name equal within 5 km, or <= 500 m and similarity >= 0.65)"
Q3111008,Montmaurin,246506,Montmaurin,2188,1.0,"same (auto: name equal within 5 km, or <= 500 m and similarity >= 0.65)"
Q3215903,Lactora,246459,Lactora,239,1.0,"same (auto: name equal within 5 km, or <= 500 m and similarity >= 0.65)"
Q3354359,Oppidum de Berniquaut,246240,Berniquaut,931,0.65,same (assistant review: same oppidum)
Q22939678,Oppidum de l'Impernal,138395,L’Impernal,2,0.6,same (assistant review: same oppidum)
Q60845861,Tolosa,246694,Tolosa,60,1.0,"same (auto: name equal within 5 km, or <= 500 m and similarity >= 0.65)"
Q103185148,Montmaurin (Samian Ware Discovery Site),249996,Montmaurin Gallo-Roman villa,740,0.52,different (auto: similarity < 0.55 and > 300 m apart)
Q111133627,Divona Cadurcorum,138329,Divona,524,0.52,different (auto: similarity < 0.55 and > 300 m apart)
Q1507192,Poblat ibèric de Puig de Castellet,996799901,Puig de Castellet,31,0.67,"same (auto: name equal within 5 km, or <= 500 m and similarity >= 0.65)"
Q11952243,Torre Gironella,712997242,Arab Baths of Girona,280,0.51,different (assistant review: tower vs Arab baths)
Q18005826,Poblat ibèric de Sant Julià de Ramis,246620,S. Julià de Ramis,276,0.6,same (assistant review: same Iberian settlement)
Q20106923,Vilauba,250009,Vilauba Roman Villa,25,0.54,same (assistant review: same Roman villa)
Q42667868,Roman thermae of Ampurias,485222842,Roman amphitheater at Emporiae,455,0.62,different (assistant review: baths vs amphitheatre)
Q43107594,Assentament de Son Morell de Baix,699043944,Naveta de Son Morell de Dalt,204,0.75,"same (auto: name equal within 5 km, or <= 500 m and similarity >= 0.65)"
Q43108260,Necròpolis des Tudons,983306646,Naveta des Tudons,649,0.68,different (assistant review: necropolis vs naveta)
Q59336710,Necròpolis de Cala Morell,18611184,El Coll De Cala Morell,904,0.81,"different (default: kept separate, identity could not be determined; overwrite with your decision)"
Q82074016,Forum Temple of Emporiae,485222842,Roman amphitheater at Emporiae,332,0.56,different (assistant review: temple vs amphitheatre)
Q93335483,Emporiae,246382,Emporiae,520,1.0,"same (auto: name equal within 5 km, or <= 500 m and similarity >= 0.65)"
Q93335904,Emporion,246382,Emporiae,520,0.75,same (assistant review: Emporion = Emporiae)
Q43107600,Poblat de navetes de Son Morell de Baix,699043944,Naveta de Son Morell de Dalt,356,0.72,"same (auto: name equal within 5 km, or <= 500 m and similarity >= 0.65)"
Q43107610,Poblat de Son Morell de Baix,699043944,Naveta de Son Morell de Dalt,398,0.75,"same (auto: name equal within 5 km, or <= 500 m and similarity >= 0.65)"
Q958961,Roman Theatre of Orange,28521919,Roman Theatre of Orange,22,1.0,"same (auto: name equal within 5 km, or <= 500 m and similarity >= 0.65)"
Q2859571,Arausio,148054,Col. Arausio,225,0.74,"same (auto: name equal within 5 km, or <= 500 m and similarity >= 0.65)"
Q2873438,Avenio,148004,Avennio,0,0.92,"same (auto: name equal within 5 km, or <= 500 m and similarity >= 0.65)"
Q2820661,Psalmody Abbey,148162,Psalmodi,34,0.64,same (assistant review: same abbey site)
Q3354380,Oppidum de Saint-Blaise,148178,St-Blaise,149,0.56,same (assistant review: same oppidum)
Q11938382,Narbo Martius,246347,Col. Narbo Martius,6,0.84,"same (auto: name equal within 5 km, or <= 500 m and similarity >= 0.65)"
Q14628550,Roman Gymnasium of Orange,28521919,Roman Theatre of Orange,64,0.71,"same (auto: name equal within 5 km, or <= 500 m and similarity >= 0.65)"
Q22953592,Oppidum de Gaujac,79684535,Roman baths at Gaujac,12,0.53,different (assistant review: oppidum vs baths)
Q22953801,oppidum du Proch-Balat,617720199,Proch-Balat,331,0.67,"same (auto: name equal within 5 km, or <= 500 m and similarity >= 0.65)"
Q22953804,Basilique gallo-romaine de Balaruc-les-Bains,148007,Balaruc-les-Bains,159,0.56,different (assistant review: basilica vs settlement)
Q28971468,Orange amphitheatre,28521919,Roman Theatre of Orange,612,0.52,different (auto: similarity < 0.55 and > 300 m apart)
Q3396932,Bridge of Constantine,148217,Theline/Col. Arelate/Constantina,594,0.57,different (assistant review: bridge vs the city)
Q3523849,Thermes de Constantin,148217,Theline/Col. Arelate/Constantina,322,0.64,different (assistant review: baths inside the city)
Q3523864,Thermal compounds in Glanum,390299655,Triumphal Arch of Glanum,297,0.55,different (assistant review: baths vs triumphal arch)
Q3556381,Villa gallo-romaine de Pataran,148153,Unnamed villa at Pataran,137,0.56,same (assistant review: same villa)
Q58917057,théâtre antique de Béziers,977841705,Roman amphitheater at Béziers,222,0.62,different (assistant review: theatre vs amphitheatre)
Q82074226,"Roman Temple, Orange",28521919,Roman Theatre of Orange,75,0.79,"same (auto: name equal within 5 km, or <= 500 m and similarity >= 0.65)"
Q82074346,Temple in Glanum,390299655,Triumphal Arch of Glanum,399,0.6,different (assistant review: temple vs triumphal arch)
Q89677185,menhirs de Costeguison,148061,Coste Guizon,593,0.59,"different (default: kept separate, identity could not be determined; overwrite with your decision)"
Q102763431,La Graufesenque (Samian Ware Productioncentre),246410,La Graufesenque,847,0.5,different (auto: similarity < 0.55 and > 300 m apart)
Q103186226,Mus (Samian Ware Discovery Site),148139,Mus Roman Quarry,15,0.51,"different (default: kept separate, identity could not be determined; overwrite with your decision)"
Q121160839,Roman Theatre of Glanum,390299655,Triumphal Arch of Glanum,420,0.51,different (auto: similarity < 0.55 and > 300 m apart)
Q18609494,Gallo-Roman Temple of Tours,605704005,Roman amphitheater of Tours,670,0.63,different (assistant review: temple vs amphitheatre)
Q3031172,Augustoritum,138203,Augustoritum,2637,1.0,"same (auto: name equal within 5 km, or <= 500 m and similarity >= 0.65)"
Q22941068,vestiges d'Argentomagus,138192,*Argentomagus,138,0.69,"same (auto: name equal within 5 km, or <= 500 m and similarity >= 0.65)"
Q22941035,Argentomagus theater,138192,*Argentomagus,135,0.75,"same (auto: name equal within 5 km, or <= 500 m and similarity >= 0.65)"
Q22941038,"Argentomagus, les Mersans",138192,*Argentomagus,138,0.65,same (assistant review: Les Mersans is Argentomagus site)
Q22956195,Menhir du Vieux-Poitiers,138656,Vieux-Poitiers,350,0.74,"same (auto: name equal within 5 km, or <= 500 m and similarity >= 0.65)"
Q55286903,Amphitheatre of Argentomagus,138192,*Argentomagus,128,0.6,different (assistant review: amphitheatre vs the town)
Q30089309,Vieux-Poitiers,138656,Vieux-Poitiers,2072,1.0,"same (auto: name equal within 5 km, or <= 500 m and similarity >= 0.65)"
Q103193506,Saint-Pierre-les-Eglises (Samian Ware Discovery Site),138563,St-Pierre-les-Eglises,521,0.58,same (assistant review: same Roman site)
Q17326808,Villa Rustica (Petit-Bersac),140499,Unnamed Gallo-Roman villa (Petit-Bersac),359,0.58,same (assistant review: same villa)
Q20107054,Limonum,138422,Limonum,779,1.0,"same (auto: name equal within 5 km, or <= 500 m and similarity >= 0.65)"
Q103982950,Vĕsunna,138650,Vesunna,839,1.0,"same (auto: name equal within 5 km, or <= 500 m and similarity >= 0.65)"
Q109037890,Fontaine monumentale d'Argentomagus,138192,*Argentomagus,135,0.51,different (assistant review: fountain inside the town)
Q2844417,Rotomagus amphitheatre,109287,Rotomagus,665,0.58,different (assistant review: amphitheatre vs the city)
Q2873086,Autricum,108778,Autricum,1139,1.0,"same (auto: name equal within 5 km, or <= 500 m and similarity >= 0.65)"
Q3265963,Lukotekia,109126,Lutetia,104,0.75,"same (auto: name equal within 5 km, or <= 500 m and similarity >= 0.65)"
Q3559994,Vindunum,109236,Ouindinon/Subdinnum,353,0.52,different (auto: similarity < 0.55 and > 300 m apart)
Q22923727,Allée couverte des Mureaux,109185,Les Mureaux,323,0.59,different (assistant review: gallery grave vs settlement)
Q16903211,Mediolanum Aulercorum,109153,Mediolanum Aulercorum,192,1.0,"same (auto: name equal within 5 km, or <= 500 m and similarity >= 0.65)"
Q22950220,Ancient Roman sites in Les Andelys,109226,Noyers-sur-Andelys,16,0.5,"different (default: kept separate, identity could not be determined; overwrite with your decision)"
Q22966098,Oppidum de Bailleul-sur-Thérain,108789,Bailleul-sur-Thérain,813,0.78,same (assistant review: same oppidum site)
Q28041109,Site archéologique d'Oisseau-le-Petit,69544,Oisseau-Le-Petit,834,0.6,same (assistant review: same archaeological site)
Q55596961,Forum de Lutèce,955500071,Arènes de Lutèce,767,0.71,different (assistant review: forum vs arena)
Q103145430,Bailleul-sur-Thérain (Samian Ware Discovery Site),108789,Bailleul-sur-Thérain,653,0.59,"different (default: kept separate, identity could not be determined; overwrite with your decision)"
Q103174188,Le Vieil-Évreux (Samian Ware Discovery Site),423346007,Vieil-Évreux Roman Baths,572,0.57,different (assistant review: whole site vs baths)
Q103179355,Lyons-la-Forêt (Samian Ware Discovery Site),109128,Lyons-la-Forêt,61,0.5,same (assistant review: same Roman site)
Q103189672,Pithiviers-le-Vieil (Samian Ware Discovery Site),109248,Pithiviers-le-Vieil,890,0.58,same (assistant review: same Roman site)
Q103199117,Vieil-Evreux (Samian Ware Discovery Site),423346007,Vieil-Évreux Roman Baths,293,0.59,different (assistant review: whole site vs baths)
Q118222170,Théâtre gallo-romain de Saint-André-sur-Cailly,109304,St-André-sur-Cailly,45,0.58,"different (default: kept separate, identity could not be determined; overwrite with your decision)"
Q125149254,sanctuaire gallo-romain de Pithiviers-le-Vieil,700578305,"Thermes gallo-romains, Pithiviers-le-Vieil",245,0.8,"same (auto: name equal within 5 km, or <= 500 m and similarity >= 0.65)"
Q130312797,Mithraeum de Septeuil,109339,Septeuil,902,0.55,"different (default: kept separate, identity could not be determined; overwrite with your decision)"
Q5278,Sanctuary of the Three Gauls,127640903,Amphitheater of the Three Gauls,19,0.78,"same (auto: name equal within 5 km, or <= 500 m and similarity >= 0.65)"
Q13518353,Thermes du Palais du Miroir,663163576,Thermes des Lutteurs,328,0.55,different (assistant review: two different baths)
Q3354365,Oppidum of Corent,138309,Corent,79,0.52,same (assistant review: same oppidum)
Q22965158,Mediolanum,177578,[Mediolanum],1040,1.0,"same (auto: name equal within 5 km, or <= 500 m and similarity >= 0.65)"
Q22967127,odeon of Vienne,44398170,"Roman odeon, Vienne",39,0.76,"same (auto: name equal within 5 km, or <= 500 m and similarity >= 0.65)"
Q22997587,oppidum de Gergovie,138373,Gergovia?,482,0.52,different (auto: similarity < 0.55 and > 300 m apart)
Q55598460,Maison de Thalie,747563989,Saint-Romain-en-Gal,731,0.51,different (auto: similarity < 0.55 and > 300 m apart)
Q82074344,"Temple 'of the Cybele', Vienne",306618381,Temple of Augustus et Livia,181,0.57,different (assistant review: two different temples)
Q82444201,Vienna,167719,Col. Vienna,89,0.71,"same (auto: name equal within 5 km, or <= 500 m and similarity >= 0.65)"
Q99427777,Site archéologique de Saint-Romain-en-Gal,747563989,Saint-Romain-en-Gal,98,0.63,same (assistant review: same archaeological site)
Q103150158,Bourbon-l'Archambault (Samian Ware Discovery Site),138235,Bourbon-l’Archambault,9,0.58,same (assistant review: same Roman site)
Q103175109,Les Martres-de-Veyre (Samian Ware Discovery Site),138450,Martres-de-Veyre,755,0.5,different (auto: similarity < 0.55 and > 300 m apart)
Q103135552,Martres-de-Veyre (Samian Ware Productioncentre),138450,Martres-de-Veyre,755,0.52,different (auto: similarity < 0.55 and > 300 m apart)
Q136366810,thermes romains à Aquae Segetae,167649,Aquae Segetae,285,0.59,different (assistant review: baths inside the site)
Q140421935,Mithréum de Vienne,44398170,"Roman odeon, Vienne",289,0.59,different (assistant review: mithraeum vs odeon)
Q3117249,caves of Arcy-sur-Cure,177450,Arcy-sur-Cure,721,0.74,"different (default: kept separate, identity could not be determined; overwrite with your decision)"
Q835966,Alesia,177434,Alesia,378,1.0,"same (auto: name equal within 5 km, or <= 500 m and similarity >= 0.65)"
Q515932,Agedincum,108729,Agedincum,288,1.0,"same (auto: name equal within 5 km, or <= 500 m and similarity >= 0.65)"
Q1790386,Cryptoportique de Reims,49979641,Porte de Mars,527,0.61,different (assistant review: cryptoporticus vs gate)
Q3471733,sanctuaire celtique de Gournay-sur-Aronde,109015,Gournay-sur-Aronde,725,0.61,same (assistant review: same Celtic sanctuary)
Q3497423,station de potiers gallo-romains de La Villeneuve-au-Châtelot,109431,La Villeneuve-au-Châtelot,968,0.58,"different (default: kept separate, identity could not be determined; overwrite with your decision)"
Q18380183,Augustomagus,108776,Augustomagus,348,1.0,"same (auto: name equal within 5 km, or <= 500 m and similarity >= 0.65)"
Q20105043,Iatinum,109059,Iatinon/Fixtuinum,596,0.58,same (assistant review: Iatinum = Iatinon (Meaux))
Q22922391,Vestiges gallo-romains (Châteaubleau),108879,Châteaubleau,247,0.5,same (assistant review: same Gallo-Roman site)
Q22966285,catacombes de Champlieu,108876,Champlieu,711,0.56,"different (default: kept separate, identity could not be determined; overwrite with your decision)"
Q93439753,Meclodunum,109162,Metlosedum,195,0.7,"same (auto: name equal within 5 km, or <= 500 m and similarity >= 0.65)"
Q103154933,Brienne-la-Vieille (Samian Ware Discovery Site),108823,Brienne-la-Vieille,225,0.56,same (assistant review: same Roman site)
Q103159331,Château-Thierry (Samian Ware Discovery Site),108881,Château-Thierry,769,0.52,different (auto: similarity < 0.55 and > 300 m apart)
Q103159350,Château Porcien (Samian Ware Discovery Site),108880,Château-Porcien,821,0.52,different (auto: similarity < 0.55 and > 300 m apart)
Q103159355,Château Thierry (Samian Ware Discovery Site),108881,Château-Thierry,769,0.52,different (auto: similarity < 0.55 and > 300 m apart)
Q103186544,Nanteuil-sur-Aisne (Samian Ware Discovery Site),109189,Nanteuil-sur-Aisne,109,0.56,same (assistant review: same Roman site)
Q104776486,théâtre gallo-romain de Châteaubleau,108879,Châteaubleau,252,0.5,different (assistant review: theatre inside the site)
Q15964934,Elewijt vicus,108958,Elewijt,952,0.7,same (assistant review: same vicus)
Q7085516,Oldbury rock shelters,928855236,Oldbury Camp,417,0.55,different (auto: similarity < 0.55 and > 300 m apart)
Q2048162,Bagacum,108788,Bagacum,691,1.0,"same (auto: name equal within 5 km, or <= 500 m and similarity >= 0.65)"
Q3322173,Mont Vireux,109434,Vireux,198,0.71,"same (auto: name equal within 5 km, or <= 500 m and similarity >= 0.65)"
Q17640725,Remains of Rochester Priory cloister,152918786,Rochester Castle,178,0.54,different (assistant review: priory cloister vs castle)
Q17645333,Camp on Keston Common,654806992,Keston Roman Mausoleum,807,0.51,different (auto: similarity < 0.55 and > 300 m apart)
Q17648001,Roman settlement at Woodcock Hall,4091848,Woodcock Hall,107,0.57,same (assistant review: same Roman settlement)
Q17661999,"A Saxon Shore fort, Roman port and associated remains at Richborough",437050931,Roman amphitheater at Richborough,386,0.53,different (auto: similarity < 0.55 and > 300 m apart)
Q17674674,Saucer barrow on Combe Hill,549429627,Coombe Hill,115,0.58,different (assistant review: barrow vs hill site)
Q22966571,Roman camp of Liercourt-Érondelle,109111,Liercourt-Erondelle,156,0.73,"same (auto: name equal within 5 km, or <= 500 m and similarity >= 0.65)"
Q22966608,Roman camp of Liercourt-Érondelle,109111,Liercourt-Erondelle,172,0.73,"same (auto: name equal within 5 km, or <= 500 m and similarity >= 0.65)"
Q22960617,vestiges antiques de Bavay,211761080,Forum antique de Bavay,13,0.71,"same (auto: name equal within 5 km, or <= 500 m and similarity >= 0.65)"
Q60520598,Fort of Oudenburg,109235,Oudenburg,27,0.69,"same (auto: name equal within 5 km, or <= 500 m and similarity >= 0.65)"
Q24661501,Harlow Mill,79502,Harlow,944,0.71,"different (default: kept separate, identity could not be determined; overwrite with your decision)"
Q103158309,Caister-on-Sea (Samian Ware Discovery Site),79365,Caister-on-Sea,166,0.5,same (assistant review: same Roman site)
Q103160561,Destelbergen (Samian Ware Discovery Site),108923,Destelbergen-Gand,678,0.56,same (assistant review: same Roman site)
Q103161949,Fingringhoe Wick (Samian Ware Discovery Site),3026205,Fingrinhoe Roman Site,46,0.58,same (assistant review: same Roman site)
Q103161825,Faversham (Samian Ware Discovery Site),261199605,Faversham Roman villa,631,0.52,different (auto: similarity < 0.55 and > 300 m apart)
Q103158975,Castle Rising (Samian Ware Discovery Site),95991113,Castle Rising Castle,114,0.52,"different (default: kept separate, identity could not be determined; overwrite with your decision)"
Q103162831,Great Chesterford (Samian Ware Discovery Site),79488,Great Chesterford,596,0.55,different (auto: similarity < 0.55 and > 300 m apart)
Q125483606,Castellum Aardenburg,108722,Aardenburg,76,0.67,"same (auto: name equal within 5 km, or <= 500 m and similarity >= 0.65)"
Q126903073,"Beauport Park Roman Baths, East Sussex",812335599,Beauport Park Archaeological Site,153,0.56,"different (default: kept separate, identity could not be determined; overwrite with your decision)"
Q139594001,Roman shrine at Lullingstone villa,79582,Lullingstone,25,0.52,different (assistant review: shrine vs villa site)
Q113715089,Kastell Oudenburg,109235,Oudenburg,20,0.69,"same (auto: name equal within 5 km, or <= 500 m and similarity >= 0.65)"
Q139594033,"Romano-Celtic temple at Gosbecks, Colchester",702050141,Roman theater at Gosbecks,572,0.61,different (assistant review: temple vs theatre)
Q120802164,Kerkhove-Kouter,109079,Kerkhove,791,0.7,same (assistant review: same Roman site at Kouter)
Q139780823,Arbury Road Roman villa,79300,Arbury Road,0,0.65,"same (assistant review: same villa, same coordinates)"
Q139792319,Ashill Roman villa,79303,Ashill,0,0.5,"different (default: kept separate, identity could not be determined; overwrite with your decision)"
Q139802362,Braintree settlement,79344,Braintree,692,0.62,same (assistant review: same Roman settlement)
Q139831738,Combretovium,79399,Combretovium,18,1.0,"same (auto: name equal within 5 km, or <= 500 m and similarity >= 0.65)"
Q139858192,Eastbourne Roman villa,79444,Eastbourne,603,0.62,"different (default: kept separate, identity could not be determined; overwrite with your decision)"
Q139858563,Feltwell Roman villa,79462,Feltwell,785,0.57,"different (default: kept separate, identity could not be determined; overwrite with your decision)"
Q139882127,Icklingham Roman settlement,79525,Icklingham,77,0.54,same (assistant review: same Roman settlement)
Q140175854,Stonea Grange,79696,Stonea,630,0.63,"different (default: kept separate, identity could not be determined; overwrite with your decision)"
Q140175961,Richborough,437050931,Roman amphitheater at Richborough,175,0.5,different (assistant review: fort vs amphitheatre)
Q139593811,Romano-Celtic temple at Thurnham Roman villa,779867419,Thurnham Roman villa,41,0.62,different (assistant review: temple vs villa)
Q139593812,Roman shrine at Thurnham Roman villa,779867419,Thurnham Roman villa,170,0.71,"same (auto: name equal within 5 km, or <= 500 m and similarity >= 0.65)"
Q139593822,Roman shrine in Great Dunmow,79489,Great Dunmow,216,0.6,different (assistant review: shrine vs settlement)
Q139593891,Romano-Celtic temple 1 at Richborough,437050931,Roman amphitheater at Richborough,187,0.69,"same (auto: name equal within 5 km, or <= 500 m and similarity >= 0.65)"
Q139593892,Romano-Celtic temple 2 at Richborough,437050931,Roman amphitheater at Richborough,164,0.69,"same (auto: name equal within 5 km, or <= 500 m and similarity >= 0.65)"
Q140762976,Stonham Aspal Roman villa,79698,Stonham Aspal,233,0.68,"same (auto: name equal within 5 km, or <= 500 m and similarity >= 0.65)"
Q139593893,Roman temple at Richborough fort,437050931,Roman amphitheater at Richborough,537,0.71,different (assistant review: temple vs amphitheatre)
Q139593955,shrine in Harlow,79502,Harlow,925,0.55,different (auto: similarity < 0.55 and > 300 m apart)
Q140176043,Hinxton,79524,Ickleton,823,0.53,different (auto: similarity < 0.55 and > 300 m apart)
Q140176054,main complex at Vagniacis,79729,Vagniacis,479,0.53,different (auto: similarity < 0.55 and > 300 m apart)
Q1229542,Ksar Chetaoua,344415,Ksar Chetaoua,1983,1.0,"same (auto: name equal within 5 km, or <= 500 m and similarity >= 0.65)"
Q1746881,Ksar Tabria,344418,Ksar Tabria,4273,1.0,"same (auto: name equal within 5 km, or <= 500 m and similarity >= 0.65)"
Q28969517,Gemellae amphitheatre,334553,Gemellae,175,0.55,different (assistant review: amphitheatre vs the town)
Q136396025,Thélepte,324828,Thelepte,1678,1.0,"same (auto: name equal within 5 km, or <= 500 m and similarity >= 0.65)"
Q30716396,Youks-les-Bains,324654,Ad Aquas Caesaris,77,0.5,same (assistant review: Youks = Ad Aquas Caesaris)
Q1538575,Madghacen,334591,Medracen,25,0.71,"same (auto: name equal within 5 km, or <= 500 m and similarity >= 0.65)"
Q9086155,Aïn Doura baths,975871574,Roman Forum at Thugga,240,0.5,different (assistant review: baths vs forum)
Q2005259,Nuraghe Asoru,793184759,Nuraghe Asoru o Basoru,6,0.74,"same (auto: name equal within 5 km, or <= 500 m and similarity >= 0.65)"
Q3426859,Thubursicum,305166,Thubursicum Numidarum,314,0.69,"same (auto: name equal within 5 km, or <= 500 m and similarity >= 0.65)"
Q2429753,Roman Theatre of Thubursicum Numidarum,305166,Thubursicum Numidarum,298,0.71,"same (auto: name equal within 5 km, or <= 500 m and similarity >= 0.65)"
Q3556388,Dolmen von Roknia,305136,Roknia,416,0.52,different (auto: similarity < 0.55 and > 300 m apart)
Q9085741,Temple of Minerva II,379988105,Temple of Tellus (Thugga),395,0.55,different (auto: similarity < 0.55 and > 300 m apart)
Q9085753,Temple of Pluto,379988105,Temple of Tellus (Thugga),207,0.67,"same (auto: name equal within 5 km, or <= 500 m and similarity >= 0.65)"
Q11680511,Capitoline temple in Dougga,119729285,Capitolium at Thugga,17,0.6,same (assistant review: same Capitolium)
Q11951246,Temple of Saturn,72453468,Temple of Juno Caelestis,536,0.6,different (assistant review: two different temples)
Q19717113,Roman Theatre of Timgad,114562501,Byzantine fortress at Timgad,16,0.55,different (assistant review: theatre vs Byzantine fortress)
Q23846130,Lambaesis,334570,Lambaesis,458,1.0,"same (auto: name equal within 5 km, or <= 500 m and similarity >= 0.65)"
Q28978004,Tharros amphitheatre,472032,Tharros,238,0.52,different (assistant review: amphitheatre vs the town)
Q29002298,Thimisua amphitheatre,315211,Thimisua,532,0.55,different (assistant review: amphitheatre vs the town)
Q29002303,Jebel Moraba amphitheatre,208942158,Jebel Moraba,691,0.65,different (assistant review: amphitheatre vs the site)
Q29002306,Sufetula amphitheatre,324816,Sufetula,491,0.55,different (assistant review: amphitheatre vs the town)
Q29002307,Amphitheatre of Thuburbo Minus,315219,Thuburbo Minus,355,0.64,different (assistant review: amphitheatre vs the town)
Q29002320,Thibaris amphitheatre,315201,Thibari,103,0.5,different (assistant review: amphitheatre vs the town)
Q29002321,Thizica amphitheatre,38100986,Amphitheater of Thizica,59,0.51,same (assistant review: same amphitheatre)
Q29002322,Uchi Maius amphitheatre,315242,Uchi Maius,95,0.61,different (assistant review: amphitheatre vs the town)
Q33994128,Macellum (Dougga),119729285,Capitolium at Thugga,45,0.56,different (assistant review: macellum vs Capitolium)
Q33996482,Temple of August Piety,72453468,Temple of Juno Caelestis,264,0.61,different (assistant review: two different temples)
Q35322666,Temple of Mercury,379988105,Temple of Tellus (Thugga),79,0.59,different (assistant review: two different temples)
Q42603083,Forum of Thuburbo Majus,315220,Thuburbo Maius,156,0.7,"same (auto: name equal within 5 km, or <= 500 m and similarity >= 0.65)"
Q42603146,Macellum (Thuburbo Majus),315220,Thuburbo Maius,101,0.68,"same (auto: name equal within 5 km, or <= 500 m and similarity >= 0.65)"
Q42609693,Ancient Roman thermae in Aïn Tounga,879502263,Roman theater at Thignica,123,0.53,different (assistant review: baths vs theatre)
Q42609812,Ancient Roman temple in Aïn Tounga,879502263,Roman theater at Thignica,110,0.51,different (assistant review: temple vs theatre)
Q42692306,Nuraghe Cuccureddus,328783231,Cuccureddus,532,0.73,"different (default: kept separate, identity could not be determined; overwrite with your decision)"
Q42754088,Roman bridge of Thuburnica,315221,Thuburnica,837,0.56,different (assistant review: bridge vs the town)
Q42755885,Theatre of Althiburos,324664,Althiburos,116,0.65,different (assistant review: theatre vs the town)
Q42760366,Capitoline temples in Sbeitla,614847257,Amphitheater of Sbeitla,561,0.62,different (assistant review: temples vs amphitheatre)
Q55678797,Area archeologica di Cuccurada,347679708,Nuraghe Cuccurada,8,0.55,same (assistant review: same nuraghe site)
Q72703382,su Mulinu,614670401,Su Mulinu,0,1.0,"same (auto: name equal within 5 km, or <= 500 m and similarity >= 0.65)"
Q87745332,Forum of Timgad,114562501,Byzantine fortress at Timgad,91,0.51,different (assistant review: forum vs Byzantine fortress)
Q94995286,Grand north baths of Timgad,114562501,Byzantine fortress at Timgad,367,0.58,different (assistant review: baths vs Byzantine fortress)
Q122178873,Nuraghe Bruncu Campulongu,575187597,Bruncu Campulongu Nuraghe,29,0.68,"same (auto: name equal within 5 km, or <= 500 m and similarity >= 0.65)"
Q122182106,Nuraghe Masoni 'e Proccus,467042568,Nuraghe Asusa,812,0.63,different (assistant review: two different nuraghi)
Q122182448,Nuraghe Manghilla,347679708,Nuraghe Cuccurada,972,0.59,different (assistant review: two different nuraghi)
Q122182856,Nuraghe Mitza Manna,732014845,Nuraghe Domu Beccia,841,0.58,different (assistant review: two different nuraghi)
Q122188525,Nuraghe Saccaionis,39090359,Nuraghe Piscu,915,0.65,different (assistant review: two different nuraghi)
Q122188711,Nuraghe Punta Ibba,492787885,Nuraghe Cuccuru Ibba,746,0.74,different (assistant review: two different nuraghi)
Q122188718,Nuraghe Puncilioni,453887876,Nuraghe Murtas,689,0.56,different (assistant review: two different nuraghi)
Q122188999,Nuraghe Piscorongiu,217324039,Nuraghe Is Paras,960,0.63,different (assistant review: two different nuraghi)
Q122198450,Nuraghe Zaurrai,467042568,Nuraghe Asusa,889,0.79,different (assistant review: two different nuraghi)
Q122198473,Nuraghe Valenza,124992747,Nuraghe Santu Milanu,851,0.63,different (assistant review: two different nuraghi)
Q122198571,Nuraghe Troculu,263450538,Troculu,617,0.64,same (assistant review: same nuraghe)
Q122198703,Nuraghe Tanca de Casteddu II,24058407,Nuraghe Baccu Idda,946,0.61,different (assistant review: two different nuraghi)
Q122198704,Nuraghe Tanca de Casteddu I,24058407,Nuraghe Baccu Idda,914,0.62,different (assistant review: two different nuraghi)
Q122198808,Nuraghe Su Pranu 2,580365842,Nuraghe Arrubiu,743,0.61,different (assistant review: two different nuraghi)
Q122198819,Nuraghe Su Pardu,729310593,"Villamassargia, Nuraghe di Santu Pauli",871,0.52,different (auto: similarity < 0.55 and > 300 m apart)
Q122204934,Tomba IV di Pranu Muttedu ''La Triade'',444064177,Pranu Muttedu,306,0.53,different (auto: similarity < 0.55 and > 300 m apart)
Q122206153,Nuraghe San Sebastiano,39090360,San Basilio,432,0.55,different (auto: similarity < 0.55 and > 300 m apart)
Q122206711,Nuraghe Santu Millanu,124992747,Nuraghe Santu Milanu,4,0.98,"same (auto: name equal within 5 km, or <= 500 m and similarity >= 0.65)"
Q122210657,nuraghe su Nuraxeddu,942968783,Nuraghe Su Nuraxi 'e Pauli,407,0.78,"same (auto: name equal within 5 km, or <= 500 m and similarity >= 0.65)"
Q122237516,Nuraghe Monti Prama,149683041,Mont'e Prama,354,0.65,"different (default: kept separate, identity could not be determined; overwrite with your decision)"
Q122237557,Nuraghe Montessu,991190962,Necropolis of Montessu,153,0.58,different (assistant review: nuraghe vs necropolis)
Q122237595,Nuraghe Domus Suas,800924137,Nuraghe Goni,940,0.6,different (assistant review: two different nuraghi)
Q122277528,Nuraghe De Seroni,421744881,Nuraghe s'Ulimu,972,0.62,different (assistant review: two different nuraghi)
Q122277627,Nuraghe Cuili Sa Serra Su Tzipiri,665888717,Covili sa Serra su Sipiri nuraghe,14,0.67,"same (auto: name equal within 5 km, or <= 500 m and similarity >= 0.65)"
Q122277693,Nuraghe Cuccureddus II,328783231,Cuccureddus,314,0.67,"same (auto: name equal within 5 km, or <= 500 m and similarity >= 0.65)"
Q122324367,Nuraghe Funtana Gureu,855065497,Nuraghe Perda Sinnus,711,0.54,different (auto: similarity < 0.55 and > 300 m apart)
Q122325490,Nuraghe Cobaia,347679708,Nuraghe Cuccurada,952,0.71,different (assistant review: two different nuraghi)
Q122326936,Nuraghe Bentu'e Crobis,732014845,Nuraghe Domu Beccia,708,0.59,different (assistant review: two different nuraghi)
Q122327331,Nuraghe Angusa,467042568,Nuraghe Asusa,658,0.89,"different (default: kept separate, identity could not be determined; overwrite with your decision)"
Q129862554,macellum of Cuicul,697765430,Roman theater at Cuicul,327,0.54,different (auto: similarity < 0.55 and > 300 m apart)
Q130244464,mithraeum de Lambaesis,334570,Lambaesis,162,0.58,different (assistant review: mithraeum inside the town)
Q136368801,Thala,324826,Thala,402,1.0,"same (auto: name equal within 5 km, or <= 500 m and similarity >= 0.65)"
Q141155818,Large northern thermae of Timgad,114562501,Byzantine fortress at Timgad,365,0.53,different (auto: similarity < 0.55 and > 300 m apart)
Q2361327,Fonte sacra Su Tempiesu,48056021,Su Tempiesu,52,0.65,same (assistant review: same sacred well)
Q2639651,Albingaunum,157803,Album Ingaunum/Albingaunum,173,0.59,same (assistant review: same ancient town)
Q3346467,Nuraghe Oes,422755499,Nuraghe Santu Antine,846,0.58,different (assistant review: two different nuraghi)
Q3523860,Thermes romains d'Aix-en-Provence,703668015,"Maison romaine du Parking Pasteur, Aix-en-Provence",397,0.65,"same (auto: name equal within 5 km, or <= 500 m and similarity >= 0.65)"
Q3527588,théâtre antique d'Aix-en-Provence,703668015,"Maison romaine du Parking Pasteur, Aix-en-Provence",836,0.55,different (assistant review: theatre vs Roman house)
Q3527841,Théâtre antique de Marseille,888303741,Port antique de Marseille,831,0.83,different (assistant review: theatre vs port)
Q16507461,Chastelard de Lardiers,148047,Châtelard de Lardiers,1312,0.98,"same (assistant review: same oppidum, spelling variant)"
Q3146148,"Hôtel de Ville, Fréjus",165979068,Arènes de Fréjus,653,0.58,different (assistant review: town hall vs arena)
Q5055863,Ceccia,495078211,Casteddu di Ceccia,288,0.5,same (assistant review: same Ceccia site)
Q19407107,Mausolée de Cucuron,148064,Cucuron,156,0.54,"different (default: kept separate, identity could not be determined; overwrite with your decision)"
Q19991457,Nuraghensiedlung Santa Caterina,359131497,Nuraghe S. Cadrina ,16,0.65,"same (auto: name equal within 5 km, or <= 500 m and similarity >= 0.65)"
Q20109066,archaeological area of Turris Libisonis,472035,Turris Libisonis,8,0.58,same (assistant review: same ancient town)
Q22916437,Roman port of Fréjus,246534016,Roman theater at Fréjus,930,0.7,different (assistant review: port vs theatre)
Q22916456,oppidum de Costebelle,157838,Unnamed villa at Costebelle,773,0.54,different (auto: similarity < 0.55 and > 300 m apart)
Q22916485,oppidum de la Courtine,157839,La Courtine,172,0.67,"same (auto: name equal within 5 km, or <= 500 m and similarity >= 0.65)"
Q22950092,ville antique d'Aléria,472048,Alalie/Aleria,69,0.51,same (assistant review: same ancient city)
Q22969137,oppidum de Notre-Dame de Pitié,148144,Notre-Dame-de-Pitié,15,0.78,"same (auto: name equal within 5 km, or <= 500 m and similarity >= 0.65)"
Q22986374,oppidum de Constantine,148060,Constantine,171,0.67,"same (auto: name equal within 5 km, or <= 500 m and similarity >= 0.65)"
Q22986589,Thermes du centre in Vaison-la-Romaine,385353544,Théâtre Antique de Vaison-la-Romaine,103,0.7,"same (auto: name equal within 5 km, or <= 500 m and similarity >= 0.65)"
Q22986657,ensemble archéologique de Vaison-la-Romaine,385353544,Théâtre Antique de Vaison-la-Romaine,154,0.73,"same (auto: name equal within 5 km, or <= 500 m and similarity >= 0.65)"
Q22998894,oppidum de Montjean,157888,Montjean,261,0.59,same (assistant review: same oppidum)
Q27998461,Alba Docilia Roman villa,383563,Alba Docilia,14,0.67,"same (auto: name equal within 5 km, or <= 500 m and similarity >= 0.65)"
Q28978103,Veleia amphitheatre,157983949,Roman amphitheater at Veleia,36,0.6,same (assistant review: same amphitheatre)
Q22999533,Aquae Sextiae,148053,Col. Aquae Sextiae,773,0.84,same (assistant review: same Roman colony)
Q46388876,Roman theatre of Albintimilum,157802,Alb(i)um Intimilium/Albintimilium,40,0.52,different (assistant review: theatre vs the town)
Q47491971,Nuraghe Corvos,229935391,Nuraghe Su Valsu,952,0.67,different (assistant review: two different nuraghi)
Q49569634,ancient baths of Acqui Terme,664963715,Piscina romana (Acqui Terme),784,0.55,different (auto: similarity < 0.55 and > 300 m apart)
Q51076020,Nuraghe Ponte,790268790,"Nuraghe Ponte, Dualchi",3,0.74,"same (auto: name equal within 5 km, or <= 500 m and similarity >= 0.65)"
Q86724902,Eburodunum,167750,Eburodunum,208,1.0,"same (auto: name equal within 5 km, or <= 500 m and similarity >= 0.65)"
Q100319115,Roman thermae of Albenga,331262016,Roman amphitheater at Album Ingaunum/Albingaunum,360,0.5,different (auto: similarity < 0.55 and > 300 m apart)
Q101405676,Turris Libisonis,472035,Turris Libisonis,134,1.0,"same (auto: name equal within 5 km, or <= 500 m and similarity >= 0.65)"
Q103198630,Vaison-la-Romaine (Samian Ware Discovery Site),149498,Vaison-la-Romaine Roman Bridge,890,0.64,different (assistant review: find site vs bridge)
Q122178868,Nuraghe Cabudebbene II,634655040,Nuraghe Cabudbbene,183,0.9,"same (auto: name equal within 5 km, or <= 500 m and similarity >= 0.65)"
Q122180431,Nuraghe Giaga 'e Puliga,229935391,Nuraghe Su Valsu,561,0.51,different (auto: similarity < 0.55 and > 300 m apart)
Q122182414,Nuraghe Margarida,32331671,Nuraghe Ruggiu,520,0.71,different (assistant review: two different nuraghi)
Q122182684,Nuraghe Las Liegnas,783133250,Nuraghe Sant'Imbenia,965,0.72,different (assistant review: two different nuraghi)
Q122188567,Nuraghe Ruggiu II,32331671,Nuraghe Ruggiu,139,0.9,"same (auto: name equal within 5 km, or <= 500 m and similarity >= 0.65)"
Q122188652,Nuraghe Rappasale,359131497,Nuraghe S. Cadrina ,883,0.57,different (assistant review: two different nuraghi)
Q122188794,Nuraghe Pranu Edere,686552268,Nuraghe Lugherras,735,0.56,different (assistant review: two different nuraghi)
Q122189120,Nuraghe Pianu Ortule,229935391,Nuraghe Su Valsu,260,0.61,different (assistant review: two different nuraghi)
Q122189372,Nuraghe Ziu Santona,847158760,Nuraghe Rumanedda,592,0.67,different (assistant review: two different nuraghi)
Q122198569,Nuraghe Tronza,314963951,Nuraghe Cobulas,921,0.69,different (assistant review: two different nuraghi)
Q122198627,Nuraghe Toddeitto,283500793,Nuraghe Mannu (Doragli),497,0.51,different (auto: similarity < 0.55 and > 300 m apart)
Q122198738,Nuraghe Su Tumbone,229935391,Nuraghe Su Valsu,480,0.71,"same (auto: name equal within 5 km, or <= 500 m and similarity >= 0.65)"
Q122198777,Nuraghe Surzagas,686552268,Nuraghe Lugherras,769,0.73,different (assistant review: two different nuraghi)
Q122206224,Nuraghe Sa Menta 2,425272783,Nuraghe Santa Sarbana,820,0.72,different (assistant review: two different nuraghi)
Q122206238,Nuraghe Sa Marchesa,613215678,Nuraghe Conca Niedda,701,0.56,different (assistant review: two different nuraghi)
Q122206244,Nuraghe Sa Mandra è Sa Jua,708516601,Nuraghe Sa Mandra 'e Sa Giua,2,0.93,"same (auto: name equal within 5 km, or <= 500 m and similarity >= 0.65)"
Q122206285,Nuraghe Salamattile,907447931,Nuraghe Nuracale,728,0.63,different (assistant review: two different nuraghi)
Q122206406,Nuraghe Sedinas,987440325,Nuraghe Sa Jua,867,0.69,different (assistant review: two different nuraghi)
Q122206457,Nuraghe Sa Ucchiusura B,237657886,Nuraghe Sa Ucchiusura,333,0.95,"same (auto: name equal within 5 km, or <= 500 m and similarity >= 0.65)"
Q122206463,Nuraghe Sa Turra,907368076,Nuraghe Corbos,701,0.6,different (assistant review: two different nuraghi)
Q122206582,Nuraghe S'Ardia,229935391,Nuraghe Su Valsu,870,0.71,different (assistant review: two different nuraghi)
Q122206500,Nuraghe Sas Seddas,613215678,Nuraghe Conca Niedda,470,0.74,"same (auto: name equal within 5 km, or <= 500 m and similarity >= 0.65)"
Q122206693,Nuraghe Santu Portolu II,273861891,Nuraghe Orolio,919,0.68,different (assistant review: two different nuraghi)
Q122206694,Nuraghe Santu Portolu I,273861891,Nuraghe Orolio,862,0.7,different (assistant review: two different nuraghi)
Q122207691,Nuraghe Sega Pane o Segapane,229935391,Nuraghe Su Valsu,973,0.5,different (auto: similarity < 0.55 and > 300 m apart)
Q122211256,Nuraghe Mannu,645281269,"Nuraghe Mannu, Olmedo",6,0.76,"same (auto: name equal within 5 km, or <= 500 m and similarity >= 0.65)"
Q122211353,Nuraghe Lobaos II,987440325,Nuraghe Sa Jua,589,0.65,different (assistant review: two different nuraghi)
Q122211777,Nuraghe Su Billianu,359131497,Nuraghe S. Cadrina ,753,0.65,different (assistant review: two different nuraghi)
Q122237183,Nuraghe Pianu Ederas,613215678,Nuraghe Conca Niedda,956,0.6,different (assistant review: two different nuraghi)
Q122237383,Nuraghe Musu 'e Rios,907447931,Nuraghe Nuracale,739,0.56,different (assistant review: two different nuraghi)
Q122237462,Nuraghe Mura Elighe,790268790,"Nuraghe Ponte, Dualchi",958,0.59,different (assistant review: two different nuraghi)
Q122277688,Nuraghe Cuccuru Canale,314963951,Nuraghe Cobulas,992,0.59,different (assistant review: two different nuraghi)
Q122322510,Nuraghe S'Uraki,774894386,Nuraghe S'Urachi,36,0.9,"same (auto: name equal within 5 km, or <= 500 m and similarity >= 0.65)"
Q122322978,Nuraghe Sos Benales,832282346,Nuraghe Santa Barbara,748,0.6,different (assistant review: two different nuraghi)
Q122323344,Nuraghe S'arcu e is forros,594406649,S'Arcu 'e is Forros,250,0.8,"same (auto: name equal within 5 km, or <= 500 m and similarity >= 0.65)"
Q122325388,Nuraghe Codinazza,302807746,Nuraghe Ruju,557,0.55,different (assistant review: two different nuraghi)
Q122327307,Nuraghe Antonuzzu,613215678,Nuraghe Conca Niedda,731,0.54,different (auto: similarity < 0.55 and > 300 m apart)
Q125731339,Castellar oppidum,67040863,Castellar,79,0.69,"same (auto: name equal within 5 km, or <= 500 m and similarity >= 0.65)"
Q126287829,Ancient Roman thermae of Albintimilium,157802,Alb(i)um Intimilium/Albintimilium,67,0.56,different (assistant review: baths vs the town)
Q130313104,Mithraeum de Mons Seleucus,167836,Mons Seleucus,41,0.67,"same (auto: name equal within 5 km, or <= 500 m and similarity >= 0.65)"
Q131572238,Albium Ingaunum,157803,Album Ingaunum/Albingaunum,584,0.68,same (assistant review: same ancient town)
Q135108628,thermae of Alba Docilia Roman villa,383563,Alba Docilia,12,0.51,different (assistant review: villa baths vs the town)
Q136439610,domus of Cemelenum,157834,Cemenelum,522,0.52,different (auto: similarity < 0.55 and > 300 m apart)
Q136497573,Mons Seleucus,167836,Mons Seleucus,41,1.0,"same (auto: name equal within 5 km, or <= 500 m and similarity >= 0.65)"
Q476762,Mont Vully,980972179,Mont Vully oppidum,279,0.71,"same (auto: name equal within 5 km, or <= 500 m and similarity >= 0.65)"
Q2941536,Castrum de Dijon,177489,Castrum Divionense,770,0.71,same (assistant review: same castrum)
Q3046892,Eburodunum,177514,Eburodunum,938,1.0,"same (auto: name equal within 5 km, or <= 500 m and similarity >= 0.65)"
Q3055839,Epomanduodurum,177516,Epamanduodurum,480,0.93,"same (auto: name equal within 5 km, or <= 500 m and similarity >= 0.65)"
Q3115691,Gratianopolis,167734,Cularo/Gratianopolis,89,0.79,"same (auto: name equal within 5 km, or <= 500 m and similarity >= 0.65)"
Q3479857,Sermuz,980972178,Oppidum de Sermuz,221,0.52,same (assistant review: same oppidum)
Q3523832,Thermes antiques de Faverges,142050652,Baths of Faverges,20,0.58,same (assistant review: same baths)
Q3542515,Twann Station,878719593,Twann,150,0.56,"different (default: kept separate, identity could not be determined; overwrite with your decision)"
Q3574169,Yvonand–Le Marais,177669,Yvonand,882,0.61,"different (default: kept separate, identity could not be determined; overwrite with your decision)"
Q18002237,Roman Amphitheatre and Museum in Avenches,199339871,Avenches Roman amphitheater,1,0.5,same (assistant review: same amphitheatre)
Q22967045,villa gallo-romaine de Saint-Romain-de-Jalionas,167903,St-Romain-de-Jalionas,640,0.62,"different (default: kept separate, identity could not be determined; overwrite with your decision)"
Q22968468,villa gallo-romaine de Gilly-sur-Isère,167783,Gilly-sur-Isère,425,0.57,"different (default: kept separate, identity could not be determined; overwrite with your decision)"
Q20565199,Larina oppidum,167803,Larina,70,0.6,same (assistant review: same oppidum)
Q29001163,Bern amphitheatre,997994574,Roman amphitheater at Bern,35,0.7,"same (auto: name equal within 5 km, or <= 500 m and similarity >= 0.65)"
Q29001164,Nyon amphitheatre,393453384,Roman amphitheater at Noviodunum,28,0.57,same (assistant review: same amphitheatre)
Q42727928,thermes romains du Vernay,167903,St-Romain-de-Jalionas,728,0.57,"different (default: kept separate, identity could not be determined; overwrite with your decision)"
Q42728186,piscine romaine du Vernay,167903,St-Romain-de-Jalionas,724,0.52,different (auto: similarity < 0.55 and > 300 m apart)
Q42728390,grenier romain du Vernay,167903,St-Romain-de-Jalionas,592,0.53,different (auto: similarity < 0.55 and > 300 m apart)
Q55677935,aree archeologiche di Susa,978854625,Arch of Augustus (Susa),523,0.5,different (auto: similarity < 0.55 and > 300 m apart)
Q56117519,Roman Theatre of Aventicum,177495,Aventicum,616,0.51,different (auto: similarity < 0.55 and > 300 m apart)
Q65126423,Mont Vully,980972179,Mont Vully oppidum,16,0.71,"same (auto: name equal within 5 km, or <= 500 m and similarity >= 0.65)"
Q86724866,Aquae,167650,Aquae Sextiae,74,0.56,"different (default: kept separate, identity could not be determined; overwrite with your decision)"
Q103155213,Briord (Samian Ware Discovery Site),14985147,Briord Roman aqueduct,472,0.58,different (assistant review: find site vs aqueduct)
Q103193276,Saint-Martin-d'Uriage (Samian Ware Discovery Site),167899,St-Martin-d’Uriage,190,0.52,same (assistant review: same Roman site)
Q103193555,Saint-Romain-de-Jalionas (Samian Ware Discovery Site),167903,St-Romain-de-Jalionas,321,0.58,same (assistant review: same Roman site)
Q112309778,Segusio,167919,Segusio,573,1.0,"same (auto: name equal within 5 km, or <= 500 m and similarity >= 0.65)"
Q140421968,Mitreo d’Aosta,179717291,Roman theater at Aosta,467,0.51,different (auto: similarity < 0.55 and > 300 m apart)
Q885314,Forum baths,423006578,Roman baths at Trier,434,0.52,different (auto: similarity < 0.55 and > 300 m apart)
Q3523839,Bliesbruck Baths,108816,Bliesbruck,485,0.77,"same (auto: name equal within 5 km, or <= 500 m and similarity >= 0.65)"
Q436171,Old Echternach Bridge,110235,Unnamed bridge (Echternach),2,0.51,same (assistant review: same bridge)
Q1642966,Site gallo-romain du Hérapel,108893,Cocheren-Le Hérapel,69,0.51,same (assistant review: same Gallo-Roman site)
Q3591585,Établissement rural gallo-romain de Chassey-lès-Montbozon,177491,Chassey-les-Montbozon,702,0.54,different (auto: similarity < 0.55 and > 300 m apart)
Q13102725,Théâtre antique de Dalheim,150310592,Gallo-Roman theater at Dalheim,28,0.61,same (assistant review: same theatre)
Q22915855,Ruines gallo-romaines de Bourbonne-les-Bains,177476,Bourbonne-les-Bains,374,0.6,same (assistant review: same Roman remains)
Q22969301,Nasium,109190,Nasium,2,1.0,"same (auto: name equal within 5 km, or <= 500 m and similarity >= 0.65)"
Q22959910,restes romains de Tarquimpol,865005128,Théâtre antique de Tarquimpol,33,0.63,different (assistant review: remains generally vs theatre)
Q22959613,site archéologique de Saint-Laurent-sur-Othain,109310,St-Laurent-sur-Othain,914,0.63,same (assistant review: same archaeological site)
Q51884446,Tullum,109396,Tullum,537,1.0,"same (auto: name equal within 5 km, or <= 500 m and similarity >= 0.65)"
Q56528168,Nécropole mérovingienne d'Audun-le-Tiche,108767,Audun-le-Tiche,683,0.52,different (auto: similarity < 0.55 and > 300 m apart)
Q24082364,site du Wasserwald,109026,Haegen-Wasserwald,192,0.69,"same (auto: name equal within 5 km, or <= 500 m and similarity >= 0.65)"
Q66282597,Römerkastell Saarbrücken,109298,Saarbrücken,3,0.63,"different (default: kept separate, identity could not be determined; overwrite with your decision)"
Q2525842,Villa urbana of Longuich,499342696,Longuich,141,0.5,"different (default: kept separate, identity could not be determined; overwrite with your decision)"
Q2525959,Villa rustica of Bollendorf,16320542,Bollendorf,2,0.54,"different (default: kept separate, identity could not be determined; overwrite with your decision)"
Q2846086,Andemantunnum,177441,Andematunnum,140,0.96,"same (auto: name equal within 5 km, or <= 500 m and similarity >= 0.65)"
Q103164562,Jouy-aux-Arches (Samian Ware Discovery Site),557043171,Jouy-aux-Arches aqueduct,231,0.63,different (assistant review: find site vs aqueduct)
Q103172923,Le Châtelet (Samian Ware Discovery Site),108882,Le Châtelet de Gourzon,769,0.52,different (auto: similarity < 0.55 and > 300 m apart)
Q103176085,Liffol-le-Grand (Samian Ware Discovery Site),109112,Liffol-le-Grand,284,0.52,same (assistant review: same Roman site)
Q103190278,Port-sur-Saône (Samian Ware Discovery Site),264681518,Port-sur-Saône,592,0.5,different (auto: similarity < 0.55 and > 300 m apart)
Q2027149,Oppidum Üetliberg,187600,Üetliberg,538,0.69,same (assistant review: same oppidum)
Q2844419,Milan amphitheatre,537979353,Roman amphitheater of Milan,1,0.67,"same (auto: name equal within 5 km, or <= 500 m and similarity >= 0.65)"
Q545495,Milan Circo romano,383706,Mediolan(i)um,725,0.58,different (assistant review: circus inside the city)
Q1014319,Burg Uetliburg,187600,Üetliberg,538,0.7,different (assistant review: medieval castle vs hill site)
Q14544398,Kulthöhle Zillis,187632,Zillis,419,0.55,different (auto: similarity < 0.55 and > 300 m apart)
Q15109114,Curia Raetorum,187357,Curia,556,0.53,different (auto: similarity < 0.55 and > 300 m apart)
Q18604084,Kastell Schaan,187541,Schaan,50,0.6,same (assistant review: same Roman fort)
Q1812829,Legionary Trail Vindonissa,177661,Vindonissa,236,0.56,different (assistant review: modern trail vs the camp)
Q3748448,Foro romano di Milano,585690561,Roman theater of Milan,314,0.56,different (assistant review: forum vs theatre)
Q3867339,Roman walls of Milan,585690561,Roman theater of Milan,317,0.76,"same (auto: name equal within 5 km, or <= 500 m and similarity >= 0.65)"
Q3982368,Roman Theatre of Milan,585690561,Roman theater of Milan,17,0.95,"same (auto: name equal within 5 km, or <= 500 m and similarity >= 0.65)"
Q4023993,Mediolanum,383706,Mediolan(i)um,202,0.87,"same (auto: name equal within 5 km, or <= 500 m and similarity >= 0.65)"
Q29575861,Roman cemetery of Vindonissa,82696741,Roman amphitheater at Vindonissa,464,0.73,"same (auto: name equal within 5 km, or <= 500 m and similarity >= 0.65)"
Q30072432,Milan amphitheatre park,537979353,Roman amphitheater of Milan,86,0.68,"same (auto: name equal within 5 km, or <= 500 m and similarity >= 0.65)"
Q47478211,Monte Barro,383712,Monte Barro,368,1.0,"same (auto: name equal within 5 km, or <= 500 m and similarity >= 0.65)"
Q55391877,"""Alda Levi"" Roman amphitheatre park and Antiquarium",537979353,Roman amphitheater of Milan,79,0.55,same (assistant review: same amphitheatre)
Q140421930,Mithräum von Kempraten,187438,Kempraten,192,0.58,different (assistant review: mithraeum vs the vicus)
Q1302239,Castra of Wörth,119054,Wörth,467,0.5,different (auto: similarity < 0.55 and > 300 m apart)
Q1411006,Castra of Hesselbach,118741,Hesselbach,103,0.67,"same (auto: name equal within 5 km, or <= 500 m and similarity >= 0.65)"
Q1735421,Castra of Stockstadt,118976,Stockstadt,227,0.67,"same (auto: name equal within 5 km, or <= 500 m and similarity >= 0.65)"
Q441129,Altiaia,108736,*Altiaia,239,1.0,"same (auto: name equal within 5 km, or <= 500 m and similarity >= 0.65)"
Q680709,Iuliomagus,187429,Iuliomagus,389,1.0,"same (auto: name equal within 5 km, or <= 500 m and similarity >= 0.65)"
Q863802,Bingium,108809,Bingium,142,1.0,"same (auto: name equal within 5 km, or <= 500 m and similarity >= 0.65)"
Q1011172,Burg Breisach,109174,(Mons) Brisiacus,252,0.5,different (assistant review: medieval castle vs hill site)
Q1013676,Burg Riegel,109280,Riegel,585,0.71,different (assistant review: medieval castle vs Roman site)
Q1243550,Castra of Osterburken,118898,Osterburken,358,0.69,"same (auto: name equal within 5 km, or <= 500 m and similarity >= 0.65)"
Q1299713,Castra of Tuttlingen,187598,Tuttlingen,471,0.67,"same (auto: name equal within 5 km, or <= 500 m and similarity >= 0.65)"
Q1445553,Castra of Würzberg,119055,Würzberg,0,0.62,same (assistant review: same Limes fort)
Q1373596,Castra of Geislingen,118690,Geislingen,2,0.67,"same (auto: name equal within 5 km, or <= 500 m and similarity >= 0.65)"
Q1669086,Kastelle von Walheim,119042,Walheim,4,0.52,same (assistant review: same Roman forts)
Q1735337,Castra of Benningen,118594,Benningen,634,0.64,same (assistant review: same Roman fort)
Q1735348,Castra of Deggingen,118640,Deggingen,743,0.64,same (assistant review: same Roman fort)
Q1735353,Castra of Emerkingen,118665,Emerkingen,469,0.67,"same (auto: name equal within 5 km, or <= 500 m and similarity >= 0.65)"
Q1735359,Castra of Eulbach,118671,Eulbach,69,0.58,same (assistant review: same Limes fort)
Q1735360,Castra of Gomadingen,118705,Gomadingen,214,0.67,"same (auto: name equal within 5 km, or <= 500 m and similarity >= 0.65)"
Q1735392,Castra of Lützelbach,118822,Lützelbach,9,0.67,"same (auto: name equal within 5 km, or <= 500 m and similarity >= 0.65)"
Q1735393,Castra of Mainhardt,118829,Mainhardt,222,0.64,same (assistant review: same Limes fort)
Q1735397,Castra of Murrhardt,118854,Murrhardt,182,0.64,same (assistant review: same Limes fort)
Q1735404,Castra of Oberscheidental,118890,Oberscheidental,150,0.75,"same (auto: name equal within 5 km, or <= 500 m and similarity >= 0.65)"
Q1735418,Castra of Schloßau,118955,Schlossau,99,0.54,same (assistant review: same Limes fort)
Q1735419,Castra of Seckmauern,118959,Seckmauern,548,0.67,same (assistant review: same Limes fort)
Q1735436,Castra of Walldürn,119043,Walldürn,621,0.62,same (assistant review: same Limes fort)
Q1869794,Lopodunum,118813,Lopodunum,357,1.0,"same (auto: name equal within 5 km, or <= 500 m and similarity >= 0.65)"
Q1746884,Kleinkastell Mainhardt-Ost,118829,Mainhardt,509,0.51,different (auto: similarity < 0.55 and > 300 m apart)
Q2179530,Römerbad Jagsthausen,118769,Jagsthausen,178,0.71,"same (auto: name equal within 5 km, or <= 500 m and similarity >= 0.65)"
Q13452589,Brigantium (Bregenz),187325,Brigantium,270,0.69,"same (auto: name equal within 5 km, or <= 500 m and similarity >= 0.65)"
Q18287083,Kastell Gernsheim,109006,Gernsheim,532,0.69,same (assistant review: same Roman fort)
Q18616839,Brandsteig,109332,Brandsteig (Schenkenzell),49,0.59,same (assistant review: same site)
Q29574186,Halbinsel Rheinau,187275,Altenburg-Rheinau,240,0.65,"different (default: kept separate, identity could not be determined; overwrite with your decision)"
Q30134113,Vicus Orsingen,187499,Orsingen,631,0.73,same (assistant review: same vicus)
Q31881480,Annexkastell Osterburken,118898,Osterburken,254,0.63,"different (default: kept separate, identity could not be determined; overwrite with your decision)"
Q33747545,Menhir von Rammersweier,118924,Rammersweier,585,0.69,different (assistant review: menhir vs Roman fort)
Q56189159,Castrum Rauracense,81716458,Castrum Rauracense,23,1.0,"same (auto: name equal within 5 km, or <= 500 m and similarity >= 0.65)"
Q69060686,Kastell Constantia,187352,Constantia,188,0.71,"same (auto: name equal within 5 km, or <= 500 m and similarity >= 0.65)"
Q103187816,Oberscheidental (Samian Ware Discovery Site),118890,Oberscheidental,125,0.52,same (assistant review: same Roman site)
Q103194729,Schirenhof (Samian Ware Discovery Site),118952,Schirenhof Roman Fort,15,0.58,same (assistant review: same Roman fort)
Q104530360,Lagerdorf (Walldürn),119043,Walldürn,568,0.59,"different (default: kept separate, identity could not be determined; overwrite with your decision)"
Q109660013,Kastellbad Schloßau,118955,Schlossau,164,0.52,different (assistant review: fort bath vs the fort)
Q109660622,Lagerdorf (Schloßau),118955,Schlossau,210,0.52,"different (default: kept separate, identity could not be determined; overwrite with your decision)"
Q110573099,Kohortenkastell Neckarburken,118862,Neckarburken,5,0.6,same (assistant review: same cohort fort)
Q110573141,Numeruskastell Neckarburken,118862,Neckarburken,337,0.62,"different (default: kept separate, identity could not be determined; overwrite with your decision)"
Q110573233,Kohortenbad Neckarburken,118862,Neckarburken,155,0.67,"same (auto: name equal within 5 km, or <= 500 m and similarity >= 0.65)"
Q110573288,Numerusbad Neckarburken,118862,Neckarburken,296,0.69,"same (auto: name equal within 5 km, or <= 500 m and similarity >= 0.65)"
Q116024922,Kastell Rammersweier,118924,Rammersweier,583,0.75,same (assistant review: same Roman fort)
Q127986619,Kastellbad Würzberg,119055,Würzberg,62,0.59,different (assistant review: fort bath vs the fort)
Q130204934,Mithräum Stockstadt,118976,Stockstadt,225,0.69,"same (auto: name equal within 5 km, or <= 500 m and similarity >= 0.65)"
Q130223182,Mithraeum de Riegel,497448893,Mithraeum at Riegel,11,0.89,"same (auto: name equal within 5 km, or <= 500 m and similarity >= 0.65)"
Q130240246,Mithraeum de Osterburken,118898,Osterburken,530,0.63,different (assistant review: mithraeum vs the fort)
Q135270406,Dürkheim Castle,108784,Bad Dürkheim,356,0.59,different (assistant review: medieval castle vs Roman site)
Q138661796,Vicus von Umkirch,109404,Umkirch,19,0.58,"different (default: kept separate, identity could not be determined; overwrite with your decision)"
Q139860930,Kastell Frittlingen,118684,Frittlingen,733,0.73,same (assistant review: same Roman fort)
Q767809,Kalkriese,98992,Kalkriese,1450,1.0,"same (auto: name equal within 5 km, or <= 500 m and similarity >= 0.65)"
Q882370,Arnsburg Abbey,118575,Arnsburg,860,0.73,different (assistant review: medieval abbey vs Roman fort)
Q464588,Colonia Ulpia Traiana,108896,Col. Ulpia Traiana/Tricensimae,435,0.67,"same (auto: name equal within 5 km, or <= 500 m and similarity >= 0.65)"
Q525001,Milseburg,118844,Milseburg (oppidum),162,0.67,"same (auto: name equal within 5 km, or <= 500 m and similarity >= 0.65)"
Q573279,Thorsberg moor,99045,Thorsberg,280,0.78,"same (auto: name equal within 5 km, or <= 500 m and similarity >= 0.65)"
Q1271919,Dünsberg,108940,Dünsberg,42,1.0,"same (auto: name equal within 5 km, or <= 500 m and similarity >= 0.65)"
Q1727277,Castra of Zugmantel,109472,Zugmantel,183,0.64,same (assistant review: same Limes fort)
Q457810,Nydam Mose,99017,Nydam,884,0.67,same (assistant review: same bog find site)
Q1010844,Burg Arnsburg,118575,Arnsburg,414,0.76,"same (auto: name equal within 5 km, or <= 500 m and similarity >= 0.65)"
Q1012569,Burg Iversheim,109070,Iversheim,523,0.78,different (assistant review: medieval castle vs Roman site)
Q1146844,Kleinkastell Heidekringen,109037,Heidekringen,591,0.65,same (assistant review: same small fort)
Q1240802,Castra of Hunzel,109056,Hunzel,359,0.55,different (auto: similarity < 0.55 and > 300 m apart)
Q1245630,Dornburg (Flögeln),98959,Flögeln,421,0.58,"different (default: kept separate, identity could not be determined; overwrite with your decision)"
Q1289967,Castra of Duiven-Loowaard,99002,Loo-Loowaard,530,0.54,different (auto: similarity < 0.55 and > 300 m apart)
Q1309559,Castrum Levefanum,98998,Levefanum?,628,0.69,same (assistant review: same castrum)
Q1328492,Castra of Wesel-Büderich,109458,Wesel-Büderich,414,0.74,"same (auto: name equal within 5 km, or <= 500 m and similarity >= 0.65)"
Q1335614,Kneblinghausen,109084,Kneblinghausen Roman camp,90,0.72,"same (auto: name equal within 5 km, or <= 500 m and similarity >= 0.65)"
Q1359182,Castrum of Marienfels,109142,Marienfels,95,0.65,same (assistant review: same Roman fort)
Q1408110,Tempelbezirk Pesch,109214,Tempelbezirk Pesch,44,1.0,"same (auto: name equal within 5 km, or <= 500 m and similarity >= 0.65)"
Q1464398,Castra of Altenstadt,118559,Altenstadt,28,0.67,"same (auto: name equal within 5 km, or <= 500 m and similarity >= 0.65)"
Q1359753,Tricensimae,108896,Col. Ulpia Traiana/Tricensimae,490,0.54,different (auto: similarity < 0.55 and > 300 m apart)
Q1725806,Castra of Kemel,109077,Kemel,31,0.5,same (assistant review: same Limes fort)
Q1735361,Castra of Großkrotzenburg,118710,Grosskrotzenburg,138,0.7,"same (auto: name equal within 5 km, or <= 500 m and similarity >= 0.65)"
Q1735375,Castra of Hofheim,109047,Hofheim,3,0.58,same (assistant review: same Roman fort)
Q1735373,Castra of Heddesdorf,109035,Heddesdorf,198,0.67,"same (auto: name equal within 5 km, or <= 500 m and similarity >= 0.65)"
Q1657587,Castra of Echzell,118657,Echzell,129,0.58,same (assistant review: same Limes fort)
Q1670400,Castra of Niederberg,109207,Niederberg,106,0.67,"same (auto: name equal within 5 km, or <= 500 m and similarity >= 0.65)"
Q1735376,Castra of Holzhausen,109050,Holzhausen,40,0.67,"same (auto: name equal within 5 km, or <= 500 m and similarity >= 0.65)"
Q1735379,Castra of Inheiden,118760,Inheiden,543,0.62,same (assistant review: same Limes fort)
Q1735395,Castra of Marköbel,118834,Marköbel,54,0.62,same (assistant review: same Limes fort)
Q1735398,Castra of Niederbieber,109208,Niederbieber,4,0.71,"same (auto: name equal within 5 km, or <= 500 m and similarity >= 0.65)"
Q1735400,Castra of Ober-Florstadt,118887,Oberflorstadt,141,0.7,"same (auto: name equal within 5 km, or <= 500 m and similarity >= 0.65)"
Q1735420,Castra of Seligenstadt,118961,Seligenstadt,85,0.71,"same (auto: name equal within 5 km, or <= 500 m and similarity >= 0.65)"
Q1735413,Castra of Rückingen,118937,Rückingen,297,0.64,same (assistant review: same Limes fort)
Q2121883,Castrum Quadriburgium,109266,Quadriburgium,118,0.76,"same (auto: name equal within 5 km, or <= 500 m and similarity >= 0.65)"
Q1863929,Atuatuca Tungrorum,108765,Atuatuca,145,0.62,same (assistant review: same ancient town (Tongeren))
Q1997166,Tumulus of Koninksem,446511867,Tumuli of Koninksem,194,0.92,"same (auto: name equal within 5 km, or <= 500 m and similarity >= 0.65)"
Q2522905,Vicus Mülfort,109172,Mönchengladbach-Mülfort,113,0.5,same (assistant review: same vicus)
Q2562828,Drie Tommen,318349403,Twee Tommen,772,0.73,different (assistant review: different barrow groups)
Q2773214,cist of Stein,109352,Stein,432,0.56,"different (default: kept separate, identity could not be determined; overwrite with your decision)"
Q14906931,Kastell Butzbach,108839,Butzbach,695,0.67,same (assistant review: same Roman fort)
Q14497142,Kastell Langenhain,109100,Langenhain,468,0.71,"same (auto: name equal within 5 km, or <= 500 m and similarity >= 0.65)"
Q15818787,Gönnersdorf,109035,Heddesdorf,845,0.57,different (assistant review: different localities)
Q17599084,Wierde van Ezinge,98953,Ezinge,19,0.52,same (assistant review: same terp)
Q21089342,Grab von Stein,109352,Stein,430,0.53,different (auto: similarity < 0.55 and > 300 m apart)
Q28971507,Arnsburg amphitheatre,118575,Arnsburg,394,0.55,different (assistant review: amphitheatre vs the fort)
Q26706730,Saalburg Mithraeum,109297,Saalburg Roman Fort,376,0.59,different (assistant review: mithraeum vs the fort)
Q30079314,Großsteingrab Issendorf,98987,Issendorf,778,0.58,"different (default: kept separate, identity could not be determined; overwrite with your decision)"
Q22694716,Tempelheiligtum Zingsheim,214198449,Zingsheim,5,0.53,"different (default: kept separate, identity could not be determined; overwrite with your decision)"
Q32064019,Kastell Friedberg,118681,Friedberg,545,0.69,same (assistant review: same Roman fort)
Q32065907,Kleinkastell Inheiden 2,118760,Inheiden,478,0.52,different (auto: similarity < 0.55 and > 300 m apart)
Q32065906,Kleinkastell Inheiden 1,118760,Inheiden,237,0.52,different (assistant review: small fort vs main fort)
Q33112053,Menhir von Butzbach,108839,Butzbach,901,0.59,different (assistant review: menhir vs Roman fort)
Q39297398,Utrecht,99046,Traiectum,14,0.62,same (assistant review: Utrecht is Traiectum)
Q63199064,Roman villa Hoogeloon,268123192,Hoogeloon Roman villa,630,0.52,different (auto: similarity < 0.55 and > 300 m apart)
Q96742744,Haccourt Roman villa,109025,Haccourt,286,0.57,"different (default: kept separate, identity could not be determined; overwrite with your decision)"
Q103163990,Hoogeloon (Samian Ware Discovery Site),268123192,Hoogeloon Roman villa,351,0.52,different (auto: similarity < 0.55 and > 300 m apart)
Q103181626,Mechernich (Samian Ware Discovery Site),109151,Mechernich-Katzvey,20,0.54,"different (default: kept separate, identity could not be determined; overwrite with your decision)"
Q103190057,Pommern (Samian Ware Discovery Site),109252,Pommern-Martberg,916,0.51,different (auto: similarity < 0.55 and > 300 m apart)
Q107287601,Castellum Hoge Woerd,99061,Kastell Op de Hoge Woerd,28,0.77,"same (auto: name equal within 5 km, or <= 500 m and similarity >= 0.65)"
Q137732932,Burgus Niederlahnstein,109099,Lahnstein,655,0.58,"different (default: kept separate, identity could not be determined; overwrite with your decision)"
Q140421906,Mithräum von Friedberg,118681,Friedberg,906,0.58,different (assistant review: mithraeum vs the fort)
Q140421908,Mithräum von Ober-Florstadt,118887,Oberflorstadt,254,0.65,"same (auto: name equal within 5 km, or <= 500 m and similarity >= 0.65)"
Q82074355,"Temple of Antoninus, Sabratha",700277937,"Temple of Isis, Sabratha",549,0.83,different (assistant review: two different temples)
Q82074370,"Temple of Hercules, Leptis Magna",676148653,"Temple of Roma and Augustus, Leptis Magna",27,0.74,"same (auto: name equal within 5 km, or <= 500 m and similarity >= 0.65)"
Q82074373,"Temple of Hercules, Sabratha",700277937,"Temple of Isis, Sabratha",362,0.81,"same (auto: name equal within 5 km, or <= 500 m and similarity >= 0.65)"
Q82074400,"Temple of Liber Pater, Leptis Magna",676148653,"Temple of Roma and Augustus, Leptis Magna",27,0.74,"same (auto: name equal within 5 km, or <= 500 m and similarity >= 0.65)"
Q82074430,"Temple of Serapis, Sabratha",700277937,"Temple of Isis, Sabratha",704,0.9,different (assistant review: two different temples)
Q82075982,"Serapaeum, Leptis Magna",344448,Neapolis/Lepcis Magna,467,0.68,"same (auto: name equal within 5 km, or <= 500 m and similarity >= 0.65)"
Q82076006,"South Forum Temple, Sabratha",700277937,"Temple of Isis, Sabratha",620,0.62,different (assistant review: two different temples)
Q61780410,Gasr Banat,344362,Gasr Banat,7,1.0,"same (auto: name equal within 5 km, or <= 500 m and similarity >= 0.65)"
Q68122026,Seaward Baths in Sabratha,14493280,Baths of Oceanus in Sabratha,408,0.64,different (assistant review: two different baths)
Q79048877,Lepcis Magna: Chalcidicum,344448,Neapolis/Lepcis Magna,549,0.52,different (auto: similarity < 0.55 and > 300 m apart)
Q79141696,"Temple of Jupiter Dolichenus, Lepcis Magna",676148653,"Temple of Roma and Augustus, Leptis Magna",389,0.65,"same (auto: name equal within 5 km, or <= 500 m and similarity >= 0.65)"
Q82073764,Basilica of Justinian in Sabratha,14493280,Baths of Oceanus in Sabratha,555,0.69,different (assistant review: basilica vs baths)
Q82073789,Capitolium in Sabratha,344282,Abrotonum/Sabratha,486,0.7,"same (auto: name equal within 5 km, or <= 500 m and similarity >= 0.65)"
Q82074135,Temple of the Septimii in Lepcis Magna,371761216,Arch of Septimius Severus at Lepcis Magna,421,0.63,different (assistant review: temple vs arch)
Q82074300,"Baptistery, Sabratha",700277937,"Temple of Isis, Sabratha",672,0.59,different (assistant review: baptistery vs temple)
Q42765558,Forum of Gigthis,344380,Gigthis,45,0.61,different (assistant review: forum inside the town)
Q42765587,Macellum (Gigthis),344380,Gigthis,126,0.58,different (assistant review: macellum inside the town)
Q104656158,"Christian Catacomb, Sabratha",344282,Abrotonum/Sabratha,367,0.57,different (assistant review: catacomb vs the city)
Q104658393,"North Forum Portico, Sabratha",14493280,Baths of Oceanus in Sabratha,533,0.6,different (assistant review: portico vs baths)
Q104658688,"Office Baths, Sabratha",854121351,Temple of Liber Pater at Sabratha,363,0.62,different (assistant review: baths vs temple)
Q104658828,"Theatre Baths, Sabratha",700277937,"Temple of Isis, Sabratha",367,0.64,different (assistant review: baths vs temple)
Q104904197,"Temple 'of the gens Septimia', Lepcis Magna",371761216,Arch of Septimius Severus at Lepcis Magna,408,0.6,different (assistant review: temple vs arch)
Q105272069,"Temple of ?Fortuna, Lepcis Magna",676148653,"Temple of Roma and Augustus, Leptis Magna",40,0.71,"same (auto: name equal within 5 km, or <= 500 m and similarity >= 0.65)"
Q105272824,"Temple of Serapis, Lepcis Magna",676148653,"Temple of Roma and Augustus, Leptis Magna",140,0.69,"same (auto: name equal within 5 km, or <= 500 m and similarity >= 0.65)"
Q105275432,"Temple and Portico behind the Theatre, Lepcis Magna",716466643,Roman theater at Lepcis Magna,61,0.6,different (assistant review: temple vs theatre)
Q105276600,"Temple on the Decumanus, Lepcis Magna",676148653,"Temple of Roma and Augustus, Leptis Magna",694,0.69,different (assistant review: two different temples)
Q12243136,Taparura,324822,Taparura,1669,1.0,"same (auto: name equal within 5 km, or <= 500 m and similarity >= 0.65)"
Q15052130,Archaeological Site of Sabratha,700277937,"Temple of Isis, Sabratha",378,0.55,different (auto: similarity < 0.55 and > 300 m apart)
Q105298682,"Casa Brogan, Sabratha",344282,Abrotonum/Sabratha,357,0.72,"same (auto: name equal within 5 km, or <= 500 m and similarity >= 0.65)"
Q21064815,Sanctuary of Thinissut,315213,Thinissut,607,0.58,"different (default: kept separate, identity could not be determined; overwrite with your decision)"
Q21084367,Segermes,315147,Segermes,3628,1.0,"same (auto: name equal within 5 km, or <= 500 m and similarity >= 0.65)"
Q2000309,Temple of the Olympian Zeus,983899139,Temple of Heracles,181,0.67,"same (auto: name equal within 5 km, or <= 500 m and similarity >= 0.65)"
Q3731159,Herbessos,462239,Herbessos?,92,1.0,"same (auto: name equal within 5 km, or <= 500 m and similarity >= 0.65)"
Q3947778,San Pawl Milqi,462480,San Pawl Milqi Roman Villa,19,0.7,"same (auto: name equal within 5 km, or <= 500 m and similarity >= 0.65)"
Q39971,Gela,462214,Gela,851,1.0,"same (auto: name equal within 5 km, or <= 500 m and similarity >= 0.65)"
Q2983443,Odeon hill and park of the Roman villas of Carthage,719445553,Park of the Roman Villas at Carthage,79,0.78,"same (auto: name equal within 5 km, or <= 500 m and similarity >= 0.65)"
Q3607380,Akragas,462086,Akragas/Agrigentum,742,0.56,same (assistant review: same ancient city)
Q962131,District of Magon (Carthage),907258688,Baths of Antoninus at Carthage,465,0.63,different (assistant review: district vs baths)
Q3606949,Agyrion,462082,Agyrium,330,0.71,"same (auto: name equal within 5 km, or <= 500 m and similarity >= 0.65)"
Q3663052,Castiglione,462144,Castiglione di Ragusa,33,0.69,"same (auto: name equal within 5 km, or <= 500 m and similarity >= 0.65)"
Q3731327,eremo di Monte Turcisi,462368,Monte Turcisi,12,0.74,"same (auto: name equal within 5 km, or <= 500 m and similarity >= 0.65)"
Q3861607,Monte Grande,462349,Monte Grande,1551,1.0,"same (auto: name equal within 5 km, or <= 500 m and similarity >= 0.65)"
Q3982325,theatre of Hippana,462247,Hippana,282,0.56,different (assistant review: theatre inside the town)
Q3983188,temple L in Agrigente,943504072,"Temple of Concordia, Agrigento",956,0.71,different (assistant review: two different temples)
Q3983196,Temple of Dioscuri,983899139,Temple of Heracles,454,0.61,different (assistant review: two different temples)
Q3983240,Temple of Hephaestus,983899139,Temple of Heracles,734,0.79,different (assistant review: two different temples)
Q3983245,Asclepieium of Agrigentum,462086,Akragas/Agrigentum,970,0.6,different (assistant review: sanctuary inside the city)
Q3983267,Temple of Isis,983899139,Temple of Heracles,935,0.69,different (assistant review: two different temples)
Q10752862,Centoripa,462153,Centuripae,97,0.84,"same (auto: name equal within 5 km, or <= 500 m and similarity >= 0.65)"
Q11909332,Bidis,462113,Bidis?,1349,1.0,"same (auto: name equal within 5 km, or <= 500 m and similarity >= 0.65)"
Q11954828,villas romaines de Carthage,907258688,Baths of Antoninus at Carthage,100,0.63,different (assistant review: villas vs baths)
Q15695908,theatre of Soluntum,399795526,Teatro di Solunto,3,0.72,"same (auto: name equal within 5 km, or <= 500 m and similarity >= 0.65)"
Q16175298,District of Hannibal,719744901,Cisterns of La Maalga,836,0.54,different (auto: similarity < 0.55 and > 300 m apart)
Q20181160,Dolmen of Mura Pregne,462376,Mura Pregne,15,0.69,"same (auto: name equal within 5 km, or <= 500 m and similarity >= 0.65)"
Q23063492,Tal-Bidni Roman Villa,462480,San Pawl Milqi Roman Villa,932,0.72,different (assistant review: two different villas)
Q27102003,Utica,315248,Utica,209,1.0,"same (auto: name equal within 5 km, or <= 500 m and similarity >= 0.65)"
Q29002299,Pheradi Maius amphitheatre,315113,Pheradi Maius,158,0.67,"same (auto: name equal within 5 km, or <= 500 m and similarity >= 0.65)"
Q29002311,Acholla amphitheatre,324653,Acholla,338,0.52,different (auto: similarity < 0.55 and > 300 m apart)
Q29002319,Thapsus amphitheatre,764638886,Amphitheatre of Thapsus,40,0.56,same (assistant review: same amphitheatre)
Q29002326,second Roman amphitheatre of El Jem,136366606,Amphitheatre of El Jem,718,0.77,different (assistant review: second amphitheatre vs main one)
Q105729381,Uppenna,315245,Uppenna,2194,1.0,"same (auto: name equal within 5 km, or <= 500 m and similarity >= 0.65)"
Q42600765,Theatre of Oudna,823168612,Roman amphitheater at Uthina,722,0.5,different (auto: similarity < 0.55 and > 300 m apart)
Q42604135,Djebel Oust baths,815903269,Jebel Oust,89,0.74,"same (auto: name equal within 5 km, or <= 500 m and similarity >= 0.65)"
Q42762630,Nymphaeum of Pheradi Majus,63880221,Roman Arch of Pheradi Majus,70,0.72,"same (auto: name equal within 5 km, or <= 500 m and similarity >= 0.65)"
Q55676689,Archaeological Museum of Sant'Angelo Muxaro,462337,Monte Castello di S. Angelo Muxaro,103,0.55,different (assistant review: museum vs hill site)
Q65944714,Land of the Roman house,719445553,Park of the Roman Villas at Carthage,579,0.58,"different (default: kept separate, identity could not be determined; overwrite with your decision)"
Q65944722,Land of the Roman houses of Amilcar,719445553,Park of the Roman Villas at Carthage,683,0.59,"different (default: kept separate, identity could not be determined; overwrite with your decision)"
Q126766518,"Early Christian necropolis, Archaeological Park of Agrigento",939167121,Hellenistic and Roman quarter archaeological area,923,0.55,different (assistant review: necropolis vs residential quarter)
Q131840132,Ginnasio (Cava d'Ispica),462147,Cava d’Ispica,231,0.69,"same (auto: name equal within 5 km, or <= 500 m and similarity >= 0.65)"
Q140898032,Necropolis of Mozia,25287269,Mozia necropolis,32,0.57,same (assistant review: same necropolis)
Q111018074,Monte Castellazzo,462336,Monte Castellazzo di Poggioreale,126,0.69,"same (auto: name equal within 5 km, or <= 500 m and similarity >= 0.65)"
Q125274477,Sito archeologico di Monte Finocchito,462347,Monte Finocchito,11,0.6,same (assistant review: same archaeological site)
Q568342,Tabularium,755655444,Tullianum,90,0.63,different (assistant review: two different Roman buildings)
Q352799,Temple of Janus,524616090,Temple of Quirinus,806,0.79,different (assistant review: two different temples)
Q746721,Temple of Saturn,666765291,Temple of Hadrian,904,0.79,different (assistant review: two different temples)
Q752555,Temple of Antoninus and Faustina,193196776,Temple of Vespasian and Titus,239,0.62,different (assistant review: two different temples)
Q682404,Villa Boscoreale,523755190,"Villa Regina, Boscoreale",9,0.8,"same (auto: name equal within 5 km, or <= 500 m and similarity >= 0.65)"
Q810069,Basilica Sempronia,547224816,Basilica Porcia,184,0.79,"same (auto: name equal within 5 km, or <= 500 m and similarity >= 0.65)"
Q969344,Elagabalium,155566866,Paedagogium,343,0.55,different (auto: similarity < 0.55 and > 300 m apart)
Q1717939,Vatican Grotto,88500321,Vatican City,124,0.69,"same (auto: name equal within 5 km, or <= 500 m and similarity >= 0.65)"
Q1888860,Temple of Venus Erycina,898745908,Temple of Venus Genetrix,354,0.81,"same (auto: name equal within 5 km, or <= 500 m and similarity >= 0.65)"
Q16591840,Pozzo Etrusco,923690483,Arco Etrusco,204,0.72,"same (auto: name equal within 5 km, or <= 500 m and similarity >= 0.65)"
Q16612723,Temple of Juno Regina,76518529,Temple of Iuno Moneta,433,0.76,"same (auto: name equal within 5 km, or <= 500 m and similarity >= 0.65)"
Q17992699,"Sant'Ansano, Spoleto",582358500,"Roman baths, Spoleto",271,0.65,"same (auto: name equal within 5 km, or <= 500 m and similarity >= 0.65)"
Q21711223,Amphitheater of Caligula,687792644,Theater of Balbus,613,0.68,different (assistant review: amphitheatre vs theatre)
Q1984985,arch of Marcus Aurelius,952198991,Column of Marcus Aurelius,83,0.83,"same (auto: name equal within 5 km, or <= 500 m and similarity >= 0.65)"
Q2003340,Forum Piscarium,445545537,Forum Iulium,158,0.74,"same (auto: name equal within 5 km, or <= 500 m and similarity >= 0.65)"
Q2106396,Potentia,413272,Potentia,710,1.0,"same (auto: name equal within 5 km, or <= 500 m and similarity >= 0.65)"
Q2107419,Praeneste,423013,Praeneste,0,1.0,"same (auto: name equal within 5 km, or <= 500 m and similarity >= 0.65)"
Q2122537,Temple of the Nymphs,494660670,Temple of Portunus,680,0.68,different (assistant review: two different temples)
Q2184057,Horti Lolliani,789002571,Horti Lamiani,775,0.81,different (assistant review: two different gardens)
Q2210179,Temple of Fortuna Equestris,494660670,Temple of Portunus,786,0.76,different (assistant review: two different temples)
Q2249182,Insula Romana,167034775,Insula Volusiana,435,0.76,"same (auto: name equal within 5 km, or <= 500 m and similarity >= 0.65)"
Q2269895,Baths of Licinius Sura,26588226,Baths of Decius,221,0.7,"same (auto: name equal within 5 km, or <= 500 m and similarity >= 0.65)"
Q2288275,Temple of Isis and Serapis,193196776,Temple of Vespasian and Titus,639,0.65,different (assistant review: two different temples)
Q2288627,Temple of Serapis,243075423,Temple of Veiovis,634,0.76,different (assistant review: two different temples)
Q2291009,Odeon of Domitian,92342486,Stadium Domitiani,190,0.59,different (assistant review: odeon vs stadium)
Q3825825,Roman Theatre of Florence,909329997,Roman amphitheater at Florentia,216,0.71,"same (auto: name equal within 5 km, or <= 500 m and similarity >= 0.65)"
Q3531116,Tomb of the Reliefs,424267586,"Tomb of the Five Chairs, Caere",983,0.57,different (assistant review: two different tombs)
Q2334588,Subiaco Dams,423030,Sacro Speco,895,0.52,different (auto: similarity < 0.55 and > 300 m apart)
Q3621783,Arco di Portogallo,967215409,Largo di Torre Argentina,889,0.52,different (auto: similarity < 0.55 and > 300 m apart)
Q3713394,Domus Severiana,364530240,domus Gelotiana,225,0.73,"same (auto: name equal within 5 km, or <= 500 m and similarity >= 0.65)"
Q2391818,Temple of Matidia,666765291,Temple of Hadrian,136,0.82,"same (auto: name equal within 5 km, or <= 500 m and similarity >= 0.65)"
Q2402659,Temple of Ops,243075423,Temple of Veiovis,208,0.8,"same (auto: name equal within 5 km, or <= 500 m and similarity >= 0.65)"
Q3895452,Parco Virgiliano,344755334,Tomb of Virgil,93,0.53,different (assistant review: park vs the tomb)
Q3914222,Arpinum,432700,Arpinum,594,1.0,"same (auto: name equal within 5 km, or <= 500 m and similarity >= 0.65)"
Q3951764,Excavation of Stabiae,433128,Stabiae,28,0.5,same (assistant review: same ancient site)
Q3983235,Temple of Bellona,282772660,Temple of the Fabri Navales,451,0.59,different (assistant review: two different temples)
Q3983246,Temple of Fides,243075423,Temple of Veiovis,252,0.75,"same (auto: name equal within 5 km, or <= 500 m and similarity >= 0.65)"
Q3983258,Temple of Jupiter Custos,354249963,Temple of Jupiter Tonans,88,0.88,"same (auto: name equal within 5 km, or <= 500 m and similarity >= 0.65)"
Q3983259,Temple of Jupiter Stator,354249963,Temple of Jupiter Tonans,232,0.83,"same (auto: name equal within 5 km, or <= 500 m and similarity >= 0.65)"
Q15949925,Macellum of Naples,235661777,Roman theater of Neapolis,225,0.56,different (assistant review: macellum vs theatre)
Q16253542,"Forum Baths, Ostia",443253553,Roman theater at Ostia,262,0.6,different (assistant review: baths vs theatre)
Q105742464,The Garden of the Fugitives,410517750,Garden of the Fugitives,7,0.92,"same (auto: name equal within 5 km, or <= 500 m and similarity >= 0.65)"
Q3983268,Temple of Juno Sospita,76518529,Temple of Iuno Moneta,503,0.79,different (assistant review: two different temples)
Q5024976,Camars,107065917,Camars,3,1.0,"same (auto: name equal within 5 km, or <= 500 m and similarity >= 0.65)"
Q7231810,Portico Dii Consentes,635256113,Porticus Boni Eventus,833,0.62,different (assistant review: two different porticoes)
Q7698744,Temple of Marcus Aurelius,952198991,Column of Marcus Aurelius,11,0.8,"same (auto: name equal within 5 km, or <= 500 m and similarity >= 0.65)"
Q125251212,Temple of Minerva Medica,540898685,Temple of Minerva Medica,835,1.0,"same (auto: name equal within 5 km, or <= 500 m and similarity >= 0.65)"
Q1046553,House of the Orchard,557684935,House of the Moralist,153,0.78,"same (auto: name equal within 5 km, or <= 500 m and similarity >= 0.65)"
Q1114895,Comitium,495489059,Excubitorium,981,0.6,different (assistant review: two different Roman monuments)
Q1144512,Curia Hostilia,837078212,Curia Iulia,14,0.8,"same (auto: name equal within 5 km, or <= 500 m and similarity >= 0.65)"
Q1231948,Populonia,403212,Fufluna/Populonium,195,0.59,same (assistant review: same ancient city)
Q1232346,Arch of Augustus,250568480,House of Augustus,374,0.79,"same (auto: name equal within 5 km, or <= 500 m and similarity >= 0.65)"
Q1238767,Domus Tiberiana,364530240,domus Gelotiana,294,0.73,"same (auto: name equal within 5 km, or <= 500 m and similarity >= 0.65)"
Q1238769,Domus Transitoria,364530240,domus Gelotiana,111,0.62,different (assistant review: two different domus)
Q1338582,Porta Pia,661181629,Porta Appia,3988,0.9,different (assistant review: two different gates)
Q1446018,Isola Sacra,422948,Isola Sacra,2458,1.0,"same (auto: name equal within 5 km, or <= 500 m and similarity >= 0.65)"
Q1501204,Gemonian stairs,780447855,Graecostasis,261,0.59,different (assistant review: two different monuments)
Q1517031,Temple of Victory,694134032,Temple of Concord,396,0.76,"same (auto: name equal within 5 km, or <= 500 m and similarity >= 0.65)"
Q2489646,Temple of Neptune,494660670,Temple of Portunus,814,0.8,different (assistant review: two different temples)
Q136927596,Novilara necropolis,413226,Novilara,653,0.59,"different (default: kept separate, identity could not be determined; overwrite with your decision)"
Q3023765,Temple of Aesculapius,277569430,Temple of Divus Iulius,635,0.74,different (assistant review: two different temples)
Q3074203,Temple of Trajan,666765291,Temple of Hadrian,708,0.79,different (assistant review: two different temples)
Q2579576,Temple of Jupiter Stator,354249963,Temple of Jupiter Tonans,434,0.83,"same (auto: name equal within 5 km, or <= 500 m and similarity >= 0.65)"
Q2595680,Temple of Bellona,694134032,Temple of Concord,363,0.71,"same (auto: name equal within 5 km, or <= 500 m and similarity >= 0.65)"
Q690093,Arna,413030,Arna,305,1.0,"same (auto: name equal within 5 km, or <= 500 m and similarity >= 0.65)"
Q811456,Bauli,432720,Bauli,3852,1.0,"same (auto: name equal within 5 km, or <= 500 m and similarity >= 0.65)"
Q1046589,Casa di Laocoonte,722871113,Casa di Pane,364,0.76,"same (auto: name equal within 5 km, or <= 500 m and similarity >= 0.65)"
Q1383830,Parthenope,433014,Parthenope/Neapolis,780,0.69,same (assistant review: same ancient city)
Q1437867,Arch of Fabius,236855821,Arch of Titus,229,0.81,"same (auto: name equal within 5 km, or <= 500 m and similarity >= 0.65)"
Q1590894,House of Labyrinth,19985870,House of Pansa,139,0.69,"same (auto: name equal within 5 km, or <= 500 m and similarity >= 0.65)"
Q1728612,Capitolium,616093383,Thermopolium,13,0.55,different (assistant review: temple vs thermopolium)
Q1939738,Mithraeum at the Baths of Mithra,721707849,Mithraeum of the Seven Gates,264,0.6,different (assistant review: two different mithraea)
Q2018627,Arch of Scipio Africanus,236855821,Arch of Titus,537,0.59,different (assistant review: two different arches)
Q2278077,Temple of Castor and Pollux,157276290,Temple of Castor and Pollux (Rome),802,0.9,"different (default: kept separate, identity could not be determined; overwrite with your decision)"
Q2366679,Clivus Argentarius,335461216,Arcus Argentariorum,481,0.76,"same (auto: name equal within 5 km, or <= 500 m and similarity >= 0.65)"
Q2419840,Baths of the Seven Sages,721707849,Mithraeum of the Seven Gates,205,0.73,"same (auto: name equal within 5 km, or <= 500 m and similarity >= 0.65)"
Q2802986,Baths of the Lighthouse,233060586,Baths of the Philosopher,123,0.68,"same (auto: name equal within 5 km, or <= 500 m and similarity >= 0.65)"
Q3129154,Heba,413164,Heba,52,1.0,"same (auto: name equal within 5 km, or <= 500 m and similarity >= 0.65)"
Q3305262,Melone Sodo I,409654967,Melone del Sodo,117,0.79,"same (auto: name equal within 5 km, or <= 500 m and similarity >= 0.65)"
Q3346852,Necropoli di Dometaia,576868068,Etruscan necropolis of Dometaia,196,0.73,"same (auto: name equal within 5 km, or <= 500 m and similarity >= 0.65)"
Q3346863,nécropole de Poggio Buco,413266,Poggio Buco,164,0.63,"different (default: kept separate, identity could not be determined; overwrite with your decision)"
Q3531039,Tomb of the Golden Fibula,329096976,Tomba della Fibula d'oro,68,0.57,"same (assistant review: same tomb, Italian name)"
Q3618774,Antiquarium di Boscoreale,523755190,"Villa Regina, Boscoreale",3,0.61,different (assistant review: museum vs villa)
Q3621055,Aprutium,413179,Interamnia Praetuttiorum,593,0.5,different (auto: similarity < 0.55 and > 300 m apart)
Q3621777,Portico of Gaius and Lucius,698151983,Porticus Minucia,631,0.6,different (assistant review: two different porticoes)
Q3629734,Temple of Isis,277569430,Temple of Divus Iulius,312,0.78,"same (auto: name equal within 5 km, or <= 500 m and similarity >= 0.65)"
Q3656751,Cabanes du Palatin,76960231,San Teodoro al Palatino,146,0.59,different (assistant review: huts vs church)
Q3661716,Barracks of the Vigiles,233060586,Baths of the Philosopher,364,0.6,different (assistant review: barracks vs baths)
Q3663188,Catacomb of Santa Mustiola,473872874,Tomb of the Tassinara,348,0.55,different (assistant review: catacomb vs tomb)
Q3713393,Domus Praeconum,582924414,Schola Praeconum,23,0.71,"same (auto: name equal within 5 km, or <= 500 m and similarity >= 0.65)"
Q3777122,Grotte di Collepardo,342847225,Collepardo,721,0.67,different (assistant review: caves vs village)
Q3792526,Ikuvium,413174,Iguvium,391,0.86,"same (auto: name equal within 5 km, or <= 500 m and similarity >= 0.65)"
Q3859479,Santa Prisca Mithraeum,45016678,Santa Prisca,9,0.71,"same (auto: name equal within 5 km, or <= 500 m and similarity >= 0.65)"
Q3908181,Roman bridge,862491656,Roman bridge (via Salvator Rosa),3,0.56,same (assistant review: same Roman bridge)
Q3949873,Temple of Diana Planciana,666765291,Temple of Hadrian,801,0.67,different (assistant review: two different temples)
Q3909017,porte di Alatri,158700360,Acropolis of Aletrium,255,0.5,different (assistant review: gates vs acropolis)
Q3942235,Saint Martin's Abbey,543871523,Farfa Abbey,853,0.52,different (auto: similarity < 0.55 and > 300 m apart)
Q3984403,Terme di Nettuno,589881342,Terme del Nuotatore,211,0.57,different (assistant review: two different baths)
Q3998716,Triclinium Leoninum,841475483,Palatium Sessorianum,781,0.56,different (assistant review: two different monuments)
Q11921497,Faesulae,413124,Faesulae,75,1.0,"same (auto: name equal within 5 km, or <= 500 m and similarity >= 0.65)"
Q16487763,Alcove house,214908564,Samnite House,52,0.64,different (assistant review: two different houses)
Q16537502,"House of the Deer, Herculaneum",769646506,House of the Bronze Herm,94,0.7,"same (auto: name equal within 5 km, or <= 500 m and similarity >= 0.65)"
Q16537506,House of the two atria,365894023,House of the Mosaic Atrium,120,0.79,"same (auto: name equal within 5 km, or <= 500 m and similarity >= 0.65)"
Q16537536,House of Charred Furniture,834833176,House of the Hotel,105,0.64,different (assistant review: two different houses)
Q16537550,House of the wooden partition,342212957,House of the Wooden Shrine,67,0.84,"same (auto: name equal within 5 km, or <= 500 m and similarity >= 0.65)"
Q16537567,house of the Corinthian atrium,365894023,House of the Mosaic Atrium,120,0.75,"same (auto: name equal within 5 km, or <= 500 m and similarity >= 0.65)"
Q16537624,House of Orpheus,868835070,House of Thiasus,263,0.75,"same (auto: name equal within 5 km, or <= 500 m and similarity >= 0.65)"
Q17578725,Nekropole von Mattonara,66910160,Villa Mattonara,38,0.58,different (assistant review: necropolis vs villa)
Q17623918,Genio's house,214908564,Samnite House,75,0.62,different (assistant review: two different houses)
Q17624209,Catacomba di Santa Savinilla,829121960,Santa Savinilla catacomb,17,0.58,same (assistant review: same catacomb)
Q17992532,Casa del Bel cortile,656691255,Casa del Rilievo di Telefo,145,0.52,different (assistant review: two different houses)
Q17994685,Gruta de Sejano,814364493,Grotta di Seiano,391,0.77,"same (auto: name equal within 5 km, or <= 500 m and similarity >= 0.65)"
Q18222399,archaeological excavations of Pompeii,984330151,"Regio VI, Pompeii",544,0.59,different (assistant review: whole site vs one region)
Q20008548,Santa Maria Capua Vetere Mithraeum,93820013,Roman amphitheater at Santa Maria Capua Vetere,661,0.6,different (assistant review: mithraeum vs amphitheatre)
Q20971167,sanctuary of Hercules Magnus Custos,825969667,Temple of Hercules Victor,532,0.57,different (assistant review: two different sanctuaries)
Q21208458,Temple of Mens,243075423,Temple of Veiovis,171,0.77,"same (auto: name equal within 5 km, or <= 500 m and similarity >= 0.65)"
Q21328958,Domus Aurea,410440793,Domus Aurea,33,1.0,"same (auto: name equal within 5 km, or <= 500 m and similarity >= 0.65)"
Q21552366,Sanctuary in San Giovanni in Galdo,433086,S. Giovanni in Galdo,195,0.74,"same (auto: name equal within 5 km, or <= 500 m and similarity >= 0.65)"
Q23887459,Ponte delle Chianche,923198883,"Ponte delle Chianche, Buonalbergo",7,0.75,"same (auto: name equal within 5 km, or <= 500 m and similarity >= 0.65)"
Q24941526,Museo civico archeologico Monte Rinaldo,413109,"La Cuma, Monte Rinaldo",951,0.56,different (assistant review: museum vs site)
Q27070307,caupona with thermopolium (I.2.1),743364991,Shop with dwelling (VII.4.22),425,0.5,different (auto: similarity < 0.55 and > 300 m apart)
Q27070327,Caupona and lupanare of Demetrius and Helpis Afra,560899635,Caupona and Domus of L. Vetutius Placidus and Ascula,592,0.57,different (assistant review: two different cauponae)
Q27070387,Caupona of Copiosus,352725406,House and caupona of Epagatus,207,0.58,different (assistant review: two different cauponae)
Q27070406,Officina coriariorum of M. Vesonius Primus (I.5.2),118633297,Tomb of Gaius Vestorius Priscus,742,0.5,different (auto: similarity < 0.55 and > 300 m apart)
Q27070409,House of Cryptoporticus (I.6.2),256404901,House of N. Popidius Priscus,335,0.59,different (assistant review: two different houses)
Q27070417,Workshop,119022475,Potter's workshop,848,0.64,different (assistant review: two different workshops)
Q27070420,Casa di Stallius Eros,800144977,Casa di M. Pupius Rufus,497,0.64,different (assistant review: two different houses)
Q27070426,Casa di Fabio Amandio,684689044,Casa di Trittolemo,501,0.62,different (assistant review: two different houses)
Q27070438,Caupona of Masculus,71552717,Tomb of Marcus Tullius,220,0.59,different (assistant review: caupona vs tomb)
Q27070490,House of the Lovers,383340065,House of the Chaste Lovers,166,0.84,"same (auto: name equal within 5 km, or <= 500 m and similarity >= 0.65)"
Q27070498,Caupona,38626420,Lupanar,343,0.57,different (assistant review: caupona vs lupanar)
Q27070502,Casa di Lucius Habonius Primus,615457796,House of Lucius Cornelius Diadumenus,410,0.61,different (assistant review: two different houses)
Q27070503,House of Venus in the Bikini,981889086,House of Venus in the shell,175,0.8,"same (auto: name equal within 5 km, or <= 500 m and similarity >= 0.65)"
Q27070508,Thermopolium of the Phoenix,975975197,Thermopolium of Vetutius Placidus,89,0.67,"same (auto: name equal within 5 km, or <= 500 m and similarity >= 0.65)"
Q27070517,Caupona of Sotericus,352725406,House and caupona of Epagatus,337,0.57,different (assistant review: two different cauponae)
Q27070575,Casa delle colonne cilindriche,26245224,Casa della Regina Carolina,492,0.57,different (assistant review: two different houses)
Q27070535,Casa senza nome,456945392,Casa del Marinaio,729,0.56,different (assistant review: two different houses)
Q27685211,Caupona of Hermes,260329423,Hospitium of Hermes,375,0.61,"different (default: kept separate, identity could not be determined; overwrite with your decision)"
Q27685688,"Domus of the Aemilii, Primio and Saturninus",393691694,House of the geometric mosaics,670,0.58,different (assistant review: two different houses)
Q27685707,Caupona of Astylus and Pardalus,690145557,House of Romulus and Remus,779,0.56,different (assistant review: caupona vs house)
Q27685710,House of Augustalis,502004233,House of Sallust,841,0.74,different (assistant review: two different houses)
Q27685764,Casa del Larario Fiorito,456945392,Casa del Marinaio,792,0.68,different (assistant review: two different houses)
Q27685885,Bar of Fortunatus,100249112,Temple of Fortuna Augusta,187,0.62,different (assistant review: bar vs temple)
Q27685892,House of the Bull,876060818,House of the Faun,170,0.82,"same (auto: name equal within 5 km, or <= 500 m and similarity >= 0.65)"
Q27685898,Thermopolium or Caupona of Salvius,975975197,Thermopolium of Vetutius Placidus,432,0.6,different (assistant review: two different thermopolia)
Q27685919,Casa della Regina Margherita,26245224,Casa della Regina Carolina,379,0.81,"same (auto: name equal within 5 km, or <= 500 m and similarity >= 0.65)"
Q27685923,Casa del Triclinio,456945392,Casa del Marinaio,418,0.8,"same (auto: name equal within 5 km, or <= 500 m and similarity >= 0.65)"
Q27685930,House of Paccia,19985870,House of Pansa,342,0.83,"same (auto: name equal within 5 km, or <= 500 m and similarity >= 0.65)"
Q27685958,Casa della Soffitta,44765651,Casa della Biblioteca,466,0.7,"same (auto: name equal within 5 km, or <= 500 m and similarity >= 0.65)"
Q27685976,Caupona di Spatalus,352725406,House and caupona of Epagatus,487,0.58,different (assistant review: two different cauponae)
Q27686038,Popina (VI.1.5),5121770,Pompeii I.14.1,939,0.64,different (assistant review: two different shops)
Q27686055,Taberna Phoebi,264408879,Taberna Pomaria di Felix,658,0.63,different (assistant review: two different tabernae)
Q27686129,House of Svettius (Pompeii VI.3.10),766559454,Arch of Augustus (Pompeii),164,0.61,different (assistant review: house vs arch)
Q27686131,Shop with dwelling (VI.3.12),743364991,Shop with dwelling (VII.4.22),176,0.91,"same (auto: name equal within 5 km, or <= 500 m and similarity >= 0.65)"
Q27686231,House (VI.7.7),546141835,House VIII.2.13,350,0.71,"same (auto: name equal within 5 km, or <= 500 m and similarity >= 0.65)"
Q27686241,Casa del Duca d'Aumale,419672523,Castellum aquae,181,0.59,different (assistant review: house vs water tower)
Q27686245,House of Adonis (VI.7.18),850954730,House of Anicetus,566,0.63,different (assistant review: two different Pompeii buildings)
Q27686246,House of Fabii Tyrannus and Iarinus,690145557,House of Romulus and Remus,354,0.66,"same (auto: name equal within 5 km, or <= 500 m and similarity >= 0.65)"
Q27686247,Domus of P. Antistius Maximus and L. Laelius Trophimus,854777997,House of M. Spurius Saturninus and D. Volcius Modestus,215,0.61,different (assistant review: two different Pompeii buildings)
Q27686250,Shop (VI.7.22),743364991,Shop with dwelling (VII.4.22),269,0.59,different (assistant review: two different Pompeii buildings)
Q27686268,Shop (VI.8.11),546141835,House VIII.2.13,259,0.57,different (assistant review: two different Pompeii buildings)
Q27686274,Shop (VI.8.16),546141835,House VIII.2.13,283,0.57,different (assistant review: two different Pompeii buildings)
Q27686286,House of the Centaur (VI.9.3),717810706,House of the Centenary,377,0.76,"same (auto: name equal within 5 km, or <= 500 m and similarity >= 0.65)"
Q27686291,House of Gnaeus Caetronius Eutychus,495398788,House of Caecilius Jucundus,219,0.65,different (assistant review: two different Pompeii buildings)
Q27686300,Caupona (VI.10.1),5121770,Pompeii I.14.1,751,0.53,different (auto: similarity < 0.55 and > 300 m apart)
Q27686302,Caupona (VI.10.3),865766495,Hospitium (I.1.3) ,599,0.5,different (auto: similarity < 0.55 and > 300 m apart)
Q27686307,Casa dell'ancora,456945392,Casa del Marinaio,226,0.73,"same (auto: name equal within 5 km, or <= 500 m and similarity >= 0.65)"
Q27686312,Shop (VI.10.10),865766495,Hospitium (I.1.3) ,538,0.6,different (assistant review: two different Pompeii buildings)
Q27686313,Casa del Naviglio o di Zefiro e Flora,44765651,Casa della Biblioteca,148,0.52,different (assistant review: two different Pompeii buildings)
Q27686380,Caupona (VI.14.1),5121770,Pompeii I.14.1,619,0.6,different (assistant review: two different Pompeii buildings)
Q27686386,Casa d'Adelaide d'Inghilterra,44765651,Casa della Biblioteca,257,0.56,different (assistant review: two different Pompeii buildings)
Q27686437,House of Gaius Poppaeus Firmus,182931390,House of Obellius Firmus,345,0.7,"same (auto: name equal within 5 km, or <= 500 m and similarity >= 0.65)"
Q27686453,House of M. Pupius Rufus (VI.15.5),256404901,House of N. Popidius Priscus,211,0.66,"same (auto: name equal within 5 km, or <= 500 m and similarity >= 0.65)"
Q27686523,Thermopolium (VI.16.40),975975197,Thermopolium of Vetutius Placidus,477,0.62,different (assistant review: two different Pompeii buildings)
Q27686535,casa delle Danzatrice (VI.17.10),242365256,Casa dell'Imperatrice di Russia,293,0.61,different (assistant review: two different Pompeii buildings)
Q27686541,House of C. Ceius (VI.17.16),999909607,House of the Ceii,645,0.64,different (assistant review: two different Pompeii buildings)
Q27686559,House of Diana II (VI.17.32),546141835,House VIII.2.13,321,0.62,different (assistant review: two different Pompeii buildings)
Q27686610,Caupona of Clodius Nymphodotus,495398788,House of Caecilius Jucundus,175,0.53,different (assistant review: two different Pompeii buildings)
Q27686619,Bar (VII.1.39),546141835,House VIII.2.13,256,0.5,different (assistant review: two different Pompeii buildings)
Q27686620,House of Marcus Caesius Blandus,452016171,House of Marcus Lucretius,59,0.75,"same (auto: name equal within 5 km, or <= 500 m and similarity >= 0.65)"
Q27686646,House of Titus Terentius Proculus,979105048,House of Paquius Proculus,249,0.76,"same (auto: name equal within 5 km, or <= 500 m and similarity >= 0.65)"
Q27686653,Shop (VII.2.10),546141835,House VIII.2.13,298,0.69,"same (auto: name equal within 5 km, or <= 500 m and similarity >= 0.65)"
Q27686711,House of the Bear (Pompeii),999909607,House of the Ceii,271,0.74,"same (auto: name equal within 5 km, or <= 500 m and similarity >= 0.65)"
Q27686725,"House of the Suettii, Potitus and Elainus",393691694,House of the geometric mosaics,281,0.62,different (assistant review: two different Pompeii buildings)
Q27686730,Caupona (VII.3.1),546141835,House VIII.2.13,294,0.52,different (assistant review: two different Pompeii buildings)
Q27686744,Popina (VII.3.9),865766495,Hospitium (I.1.3) ,465,0.52,different (auto: similarity < 0.55 and > 300 m apart)
Q27686783,Shop (VII.3.21),546141835,House VIII.2.13,319,0.62,different (assistant review: two different Pompeii buildings)
Q27686891,Caupona della Società dei Saccari,264408878,Casa della statuetta indiana,474,0.62,different (assistant review: two different Pompeii buildings)
Q27686996,Shop (VII.4.52),743364991,Shop with dwelling (VII.4.22),87,0.62,different (assistant review: two different Pompeii buildings)
Q27687008,Casa dei Capitelli Figurati,850575919,Casa di Championnet,257,0.57,different (assistant review: two different Pompeii buildings)
Q27687026,Casa delle Forme di creta,242365256,Casa dell'Imperatrice di Russia,117,0.64,different (assistant review: two different Pompeii buildings)
Q27687139,House (VII.6.7),546141835,House VIII.2.13,238,0.76,"same (auto: name equal within 5 km, or <= 500 m and similarity >= 0.65)"
Q27687143,Shop (VII.6.8),546141835,House VIII.2.13,249,0.57,different (assistant review: two different Pompeii buildings)
Q27687185,Caupona di M.C.N.,722871113,Casa di Pane,195,0.57,different (assistant review: two different Pompeii buildings)
Q27687212,House of Secundus Tyrannus Fortunatus?,894852237,House of Marcus Lucretius Fronto,482,0.58,different (assistant review: two different Pompeii buildings)
Q27687242,House of Cipius Pamphilus Felix (VII.6.38),634179974,House of Messius Ampliatus,791,0.57,different (assistant review: two different Pompeii buildings)
Q27687300,Caupona of Lucius Numinius,358482340,Tomb of Marcus Alleius Minius,629,0.58,different (assistant review: two different Pompeii buildings)
Q27687530,Casa della Pescatrice,242365256,Casa dell'Imperatrice di Russia,210,0.69,"same (auto: name equal within 5 km, or <= 500 m and similarity >= 0.65)"
Q27687572,Shop (VII.10.10),865766495,Hospitium (I.1.3) ,356,0.58,different (assistant review: two different Pompeii buildings)
Q27687632,Caupona (VII.11.13),546141835,House VIII.2.13,221,0.55,different (assistant review: two different Pompeii buildings)
Q27687688,School of L. Cornelius Amandus and L. Cornelius Proculus (VII.12.14),854777997,House of M. Spurius Saturninus and D. Volcius Modestus,263,0.53,different (assistant review: two different Pompeii buildings)
Q27687776,Casa di Ganimede (VII.13.4),722871113,Casa di Pane,91,0.58,different (assistant review: two different Pompeii buildings)
Q27687786,Shop with dwelling (VII.13.7),743364991,Shop with dwelling (VII.4.22),151,0.89,"same (auto: name equal within 5 km, or <= 500 m and similarity >= 0.65)"
Q27687872,Casa di Valerio Popidio,456945392,Casa del Marinaio,285,0.6,different (assistant review: two different Pompeii buildings)
Q27687887,Casa di L. Caecilius Communis,800144977,Casa di M. Pupius Rufus,371,0.62,different (assistant review: two different Pompeii buildings)
Q27687869,Shop (VII.14.8),865766495,Hospitium (I.1.3) ,275,0.6,different (assistant review: two different Pompeii buildings)
Q27687952,House (VII.16.1),546141835,House VIII.2.13,164,0.73,"same (auto: name equal within 5 km, or <= 500 m and similarity >= 0.65)"
Q27687957,Casa di Aemilius Crescens,800144977,Casa di M. Pupius Rufus,423,0.62,different (assistant review: two different Pompeii buildings)
Q27687983,Casa del Principe di Montenegro,242365256,Casa dell'Imperatrice di Russia,339,0.61,different (assistant review: two different Pompeii buildings)
Q27688084,House of Severus,868835070,House of Thiasus,467,0.75,"same (auto: name equal within 5 km, or <= 500 m and similarity >= 0.65)"
Q27688114,House of the Wild Boar,419907822,House of the Baker,335,0.8,"same (auto: name equal within 5 km, or <= 500 m and similarity >= 0.65)"
Q27688118,Casa delle Grazie,456945392,Casa del Marinaio,201,0.71,"same (auto: name equal within 5 km, or <= 500 m and similarity >= 0.65)"
Q27688130,Casa di Diana,722871113,Casa di Pane,55,0.8,"same (auto: name equal within 5 km, or <= 500 m and similarity >= 0.65)"
Q27688134,house of Sextus Decimius Rufus,495398788,House of Caecilius Jucundus,403,0.67,"same (auto: name equal within 5 km, or <= 500 m and similarity >= 0.65)"
Q27688142,House (VIII.3.27),546141835,House VIII.2.13,21,0.77,"same (auto: name equal within 5 km, or <= 500 m and similarity >= 0.65)"
Q27688153,House of Holconius Rufus,182931390,House of Obellius Firmus,371,0.75,"same (auto: name equal within 5 km, or <= 500 m and similarity >= 0.65)"
Q27688154,Shop (VIII.4.5),546141835,House VIII.2.13,216,0.62,different (assistant review: two different Pompeii buildings)
Q27688157,Shop and backroom of Severus,352725406,House and caupona of Epagatus,238,0.56,different (assistant review: two different Pompeii buildings)
Q27688160,Workshop of Ianuarius (VIII.4.8),399961131,Workshop of Anteros,151,0.64,different (assistant review: two different Pompeii buildings)
Q27688161,Domus T. Mescini Gelonis,264634401,House of Iphigeneia,412,0.51,different (auto: similarity < 0.55 and > 300 m apart)
Q27688173,Casa di Cornelio Rufo,722871113,Casa di Pane,227,0.61,different (assistant review: two different Pompeii buildings)
Q27688205,Casa con Atrio Tetrastilo,684689044,Casa di Trittolemo,311,0.56,different (assistant review: two different Pompeii buildings)
Q27688231,Casa del Gallo I,784028639,Casa del Fabbro,292,0.71,"same (auto: name equal within 5 km, or <= 500 m and similarity >= 0.65)"
Q27688234,House of Eros and Leander (VIII.5.5),690549463,House of Menander,306,0.62,different (assistant review: two different Pompeii buildings)
Q27688240,House of a pottery wholesaler (VIII.5.9),746630758,House of the Painters at Work,350,0.53,different (auto: similarity < 0.55 and > 300 m apart)
Q27688259,Casa del Medico,456945392,Casa del Marinaio,286,0.75,"same (auto: name equal within 5 km, or <= 500 m and similarity >= 0.65)"
Q27688355,House of Paccius Alexander (IX.1.7),387880487,House of Trebius Valens,292,0.6,different (assistant review: two different Pompeii buildings)
Q27688267,Shop (VIII.5.30),546141835,House VIII.2.13,193,0.67,"same (auto: name equal within 5 km, or <= 500 m and similarity >= 0.65)"
Q27688376,House of Marcus Epidius Rufus,452016171,House of Marcus Lucretius,145,0.74,"same (auto: name equal within 5 km, or <= 500 m and similarity >= 0.65)"
Q27688379,Casa di M. Epidio Sabino,800144977,Casa di M. Pupius Rufus,424,0.64,different (assistant review: two different Pompeii buildings)
Q27688399,Shop with dwelling (IX.2.5),743364991,Shop with dwelling (VII.4.22),206,0.85,"same (auto: name equal within 5 km, or <= 500 m and similarity >= 0.65)"
Q27688440,House of C. Catius Scithus (Pompeii IX.3.14),766559454,Arch of Augustus (Pompeii),280,0.59,different (assistant review: two different Pompeii buildings)
Q27688454,Shop (IX.4.1),5121770,Pompeii I.14.1,549,0.62,different (assistant review: two different Pompeii buildings)
Q27688515,House of C. Cornelius (IX.6.G),615457796,House of Lucius Cornelius Diadumenus,199,0.68,"same (auto: name equal within 5 km, or <= 500 m and similarity >= 0.65)"
Q27688535,Casa di Popidio Montano,722871113,Casa di Pane,330,0.63,different (assistant review: two different Pompeii buildings)
Q27688555,Shop (IX.8.1),865766495,Hospitium (I.1.3) ,448,0.57,different (assistant review: two different Pompeii buildings)
Q27688598,House of Cn. Audius Bassus (IX.11.1),256404901,House of N. Popidius Priscus,302,0.63,different (assistant review: two different Pompeii buildings)
Q27688614,caupona of Purpurio,352725406,House and caupona of Epagatus,278,0.54,different (assistant review: two different Pompeii buildings)
Q27998479,Villa romana di San Giovanni in Palco,65232415,Roman Villa of San Giovanni Del Palco,743,0.73,"same (assistant review: same villa, spelling variant)"
Q28001184,Roman Theatre of Urbisaglia,18540341,Roman amphitheater at Urbs Salvia,567,0.73,"different (default: kept separate, identity could not be determined; overwrite with your decision)"
Q28977988,Asculum amphitheatre,413036,Asculum,329,0.52,different (auto: similarity < 0.55 and > 300 m apart)
Q28977999,Mevania amphitheatre,413200,Mevania,514,0.52,different (auto: similarity < 0.55 and > 300 m apart)
Q28978006,Cales amphitheatre,432739,Cales (Campania),506,0.67,different (assistant review: amphitheatre vs the town)
Q28978028,Firmum Picenum amphitheatre,413135,Firmum Picenum,96,0.68,"same (auto: name equal within 5 km, or <= 500 m and similarity >= 0.65)"
Q28978038,Lanuvium amphitheatre,422956,Lanuvium,945,0.55,different (assistant review: amphitheatre vs the town)
Q28978041,Minturnae amphitheatre,432940,Minturnae,370,0.58,different (assistant review: amphitheatre vs the town)
Q28978091,Terracina amphitheatre,433143,Tarracina(e)/Anxur,287,0.56,different (assistant review: amphitheatre vs the town)
Q28978101,Histonium amphitheatre,413171,Histonium,233,0.58,different (assistant review: amphitheatre vs the town)
Q28978105,Venafrum amphitheatre,433185,Venafrum,202,0.55,different (assistant review: amphitheatre vs the town)
Q28978108,Forum Novum amphitheatre,413148,Forum Novum (Vescovio),809,0.58,different (assistant review: amphitheatre vs the town)
Q29886481,Porta Stabia necropolis,694992195,Porta Nocera necropolis,309,0.78,"same (auto: name equal within 5 km, or <= 500 m and similarity >= 0.65)"
Q29896383,casa della fullonica,656691255,Casa del Rilievo di Telefo,79,0.52,different (assistant review: two different Pompeii buildings)
Q27688139,Shop (VIII.3.25),546141835,House VIII.2.13,19,0.6,"different (default: kept separate, identity could not be determined; overwrite with your decision)"
Q28839673,sanctuaire de Sant'Abbondio,315612319,Sanctuary at Fondo Iozzino,329,0.64,different (assistant review: two different sanctuaries)
Q29896380,brickwork house,214908564,Samnite House,55,0.5,different (assistant review: two different houses)
Q29896385,painted papyrus,442522220,Villa of the Papyri,274,0.53,different (assistant review: papyrus find vs villa)
Q29896387,cloth house,214908564,Samnite House,50,0.58,different (assistant review: two different houses)
Q29896389,frame house,214908564,Samnite House,17,0.75,"same (auto: name equal within 5 km, or <= 500 m and similarity >= 0.65)"
Q29896397,domus with garden,757666490,House of the Gem,82,0.55,different (assistant review: two different houses)
Q29896400,Galba's house,214908564,Samnite House,69,0.54,different (assistant review: two different houses)
Q30404748,necropoli di Tarquinia,643083925,Necropoli Fondo Scataglini,323,0.71,"same (auto: name equal within 5 km, or <= 500 m and similarity >= 0.65)"
Q48075573,Ankon,413014,Ancon(a),857,0.67,same (assistant review: Ankon = Ancona)
Q54871881,ninfeo romano di Cupramarittima,136695106,Roman forum at Cupra Maritima,251,0.7,"same (auto: name equal within 5 km, or <= 500 m and similarity >= 0.65)"
Q55117045,Cryptoporticus of the Villa of Domitian,423125,Villa Domitiani,58,0.52,different (assistant review: part of villa vs whole villa)
Q55351588,complesso monumentale di San Vincenzo al Volturno,207801353,Abbazia di San Vincenzo al Volturno,209,0.69,"same (auto: name equal within 5 km, or <= 500 m and similarity >= 0.65)"
Q55359942,archaeological area of Privernum,199686145,Roman theater of Privernum,193,0.59,different (assistant review: whole area vs theatre)
Q55378889,Tumolo del Molinello,591465603,Tumulo Etrusco del Molinello (Asciano),2,0.67,"same (auto: name equal within 5 km, or <= 500 m and similarity >= 0.65)"
Q55685667,Mithraeum in Sutri,820932073,Roman amphitheater at Sutri,83,0.53,different (assistant review: mithraeum vs amphitheatre)
Q55685846,archaeological park of Herculaneum,590848271,"Augusteum, so-called Basilica at Herculaneum",72,0.56,different (assistant review: whole park vs single building)
Q55685877,parco archeologico dell'Appia Antica,426597,Parco delle Tombe di via Latina,293,0.54,different (assistant review: two different parks)
Q55685908,Roman Forum and the Palatine,76960231,San Teodoro al Palatino,369,0.59,different (assistant review: whole area vs church)
Q55686192,comprensorio archeologico di Santa Croce in Gerusalemme,18528486,Santa Croce in Gerusalemme,133,0.64,"different (default: kept separate, identity could not be determined; overwrite with your decision)"
Q55686368,Antiquarium Pyrgense,389050484,Santuario di Pyrgi,401,0.63,different (assistant review: museum vs sanctuary)
Q55686398,area archeologica di Carsulae,600795755,Basilica of Carsulae,186,0.61,different (assistant review: whole area vs basilica)
Q55686438,area archeologica antica città di Ferento,674520031,"Terme Romane, Ferento",50,0.52,different (assistant review: whole city vs baths)
Q55686477,area archeologica antica Abellinum,436418,Centuriation (Abellinum),160,0.53,different (assistant review: city site vs centuriation)
Q56258342,Visitor center of Carsulae,600795755,Basilica of Carsulae,232,0.65,"same (auto: name equal within 5 km, or <= 500 m and similarity >= 0.65)"
Q56258400,Cryptoporticus of Sessa Aurunca,895280110,Roman theater at Suessa Aurunca,104,0.58,different (assistant review: cryptoporticus vs theatre)
Q56258480,Roman forum of the ancient Alifae,850009332,Roman amphitheater at Al(l)ifae,506,0.62,different (assistant review: forum vs amphitheatre)
Q56258886,"Central thermal baths, female sector",449020760,Central Baths,14,0.53,different (assistant review: baths sector vs whole baths)
Q63549054,Villa di Plinio,423004,Plinio,14,0.57,"different (default: kept separate, identity could not be determined; overwrite with your decision)"
Q65029706,San Vincenzo al Volturno Old Abbey,433099,S. Vincenzo al Volturno,307,0.77,"same (auto: name equal within 5 km, or <= 500 m and similarity >= 0.65)"
Q65032369,Roman Theatre of Luna,708445364,Roman amphitheater at Luna,307,0.77,"same (auto: name equal within 5 km, or <= 500 m and similarity >= 0.65)"
Q65246693,Volturnum,433210,Volturnum,2782,1.0,"same (auto: name equal within 5 km, or <= 500 m and similarity >= 0.65)"
Q66362515,Quintili aqueduct,423019,Quintilii,337,0.62,different (assistant review: aqueduct vs villa)
Q72684238,Morroni di Corfinium,413105,Corfinium,601,0.62,different (assistant review: tombs vs the town)
Q73486293,"Necropoli di ""Tre ponti""",414506,Ponte sul Fosso Tre Ponti,515,0.58,different (assistant review: necropolis vs bridge)
Q88591669,Temple of Diana (Campus Martius),277569430,Temple of Divus Iulius,553,0.68,different (assistant review: two different temples)
Q91088332,Necropoli di Guado Cinto,171321862,Necropolis of Madonna d'olivo,324,0.64,different (assistant review: two different necropoleis)
Q91088336,Necropoli di Carcarello,171321862,Necropolis of Madonna d'olivo,846,0.5,different (auto: similarity < 0.55 and > 300 m apart)
Q95595663,Forum of Alba Fucens,413005,Alba Fucens,15,0.71,"same (auto: name equal within 5 km, or <= 500 m and similarity >= 0.65)"
Q97326183,Villa di Cicerone,142165735,Villa of Diomedes,147,0.59,different (assistant review: two different villas)
Q97725649,Comitium of Cosa,387686949,Capitolium of Cosa,253,0.82,"same (auto: name equal within 5 km, or <= 500 m and similarity >= 0.65)"
Q99844911,cité d'Albe la Longue,422824,Alba Longa,274,0.58,same (assistant review: same Alba Longa)
Q99980495,Cures Sabini,413114,Cures,269,0.59,same (assistant review: same ancient town)
Q100868752,La Giostra,432893,La Giostra,1405,1.0,"same (auto: name equal within 5 km, or <= 500 m and similarity >= 0.65)"
Q103158948,Castelporziano,426625,Villas at Castelporziano,666,0.74,"different (default: kept separate, identity could not be determined; overwrite with your decision)"
Q104882938,"Temple of Roma and Augustus, Ostia",198393847,Basilica of Constantine (Ostia),422,0.5,different (auto: similarity < 0.55 and > 300 m apart)
Q104889791,Hellenistic House at Rusellae,556055858,Casa dell'Impluvium at Rusellae,107,0.6,different (assistant review: two different houses)
Q106448460,Foruli,413142,Foruli,223,1.0,"same (auto: name equal within 5 km, or <= 500 m and similarity >= 0.65)"
Q106451961,Columbarium of Caius Scribonius Menophilus,367542073,Columbarium of Caius Scribonius Menophilus,2788,1.0,"same (auto: name equal within 5 km, or <= 500 m and similarity >= 0.65)"
Q106603820,Campus of the Magna Mater,282772660,Temple of the Fabri Navales,389,0.58,different (assistant review: sanctuary area vs temple)
Q106813831,"Caseggiato di Diana (I,III,3-4)",432599299,Caseggiato di Bacco e Arianna,441,0.61,different (assistant review: two different buildings)
Q107081445,Temple of Hercules at Ostia,282772660,Temple of the Fabri Navales,114,0.59,different (assistant review: two different temples)
Q107084485,Porta Marina (Ostia Antica),411301347,Palazzo Imperiale (Ostia),454,0.56,different (assistant review: gate vs palace)
Q107095409,Caseggiato degli Aurighi,432599299,Caseggiato di Bacco e Arianna,117,0.64,different (assistant review: two different buildings)
Q108511421,Square of Porta Marina,510922209,Sanctuary of the Bona Dea,634,0.51,different (auto: similarity < 0.55 and > 300 m apart)
Q108538145,Theatrum Scauri,300583267,Theatrum Marcelli,667,0.69,different (assistant review: two different theatres)
Q110184772,Basilica of Minturnae,658246004,Roman Theater of Minturnae,130,0.64,different (assistant review: basilica vs theatre)
Q110682501,Odeon of Bacoli,632219266,Cento Camerelle (Bacoli),572,0.53,different (auto: similarity < 0.55 and > 300 m apart)
Q111844694,ponte romano,356090423,Ponte Genga,2,0.61,"same (assistant review: same bridge, same coordinates)"
Q112047885,House of Annius,223974300,House of the Fishes,393,0.65,different (assistant review: two different houses)
Q112056731,Insula del Soffitto Dipinto,841214213,Insula dei Dipinti,352,0.76,"same (auto: name equal within 5 km, or <= 500 m and similarity >= 0.65)"
Q112191310,Antiquarium di Colombarone,584324061,Colombarone,67,0.59,different (assistant review: museum vs site)
Q112066327,House of the Shops with Show-windows,1554484,House of the Thunderbolt,205,0.6,different (assistant review: two different houses)
Q112762842,Samnite temple (Vastogirardi),433182,The Sanctuary of Vastogirardi,28,0.63,same (assistant review: same Samnite sanctuary)
Q113921116,Casa di Orione (Pompeii V.2),684689044,Casa di Trittolemo,469,0.58,different (assistant review: two different houses)
Q114050895,Roman theatre,526188175,Roman amphitheater of Asisium,183,0.57,different (assistant review: theatre vs amphitheatre)
Q114637664,Schola del Traiano,238098310,Terme della Trinacria,256,0.51,different (assistant review: schola vs baths)
Q114639407,Baths of the Porta Marina,233060586,Baths of the Philosopher,572,0.65,different (assistant review: two different baths)
Q114773163,Pyramid of via Appia,754594357,Pyramidal tomb of the Via Appia,1,0.78,"same (auto: name equal within 5 km, or <= 500 m and similarity >= 0.65)"
Q115108112,monumenti funerari di Abella,732333582,Monumenti Funerari Romani,3,0.75,"same (auto: name equal within 5 km, or <= 500 m and similarity >= 0.65)"
Q115173582,Tomba dell'Airone,645244985,Tomba della Vaschetta,357,0.68,"same (auto: name equal within 5 km, or <= 500 m and similarity >= 0.65)"
Q115738657,Ravenna,393480,Ravenna,405,1.0,"same (auto: name equal within 5 km, or <= 500 m and similarity >= 0.65)"
Q115921362,Villa di Caius Olius Ampliatus,388120836,Villa of Caius Olius Ampliatus,17,0.93,"same (auto: name equal within 5 km, or <= 500 m and similarity >= 0.65)"
Q116167640,Supinum,433138,*Supinum,3191,1.0,"same (auto: name equal within 5 km, or <= 500 m and similarity >= 0.65)"
Q116213352,Baths of the Jealous One,233060586,Baths of the Philosopher,86,0.75,"same (auto: name equal within 5 km, or <= 500 m and similarity >= 0.65)"
Q116221293,House of Apuleius,223974300,House of the Fishes,382,0.67,"same (auto: name equal within 5 km, or <= 500 m and similarity >= 0.65)"
Q116258920,Basilica of Cosa,387686949,Capitolium of Cosa,267,0.71,"same (auto: name equal within 5 km, or <= 500 m and similarity >= 0.65)"
Q116809944,Sito archeologico di Pianella di Monte Savino,926170979,archaeological area of Monte Bibele,390,0.6,different (assistant review: two different sites)
Q116809945,necropolis of Monte Tamburino,999917206,Monte Tamburino necropolis,0,0.55,same (assistant review: same necropolis)
Q116809946,Stipe votiva di Monte Bibele,926170979,archaeological area of Monte Bibele,0,0.54,different (assistant review: votive deposit vs whole area)
Q117087826,Roman theater at Terni,835084118,Anfiteatro Fausto,176,0.51,different (assistant review: theatre vs amphitheatre)
Q117359329,Necropolis of San Giovenale,413298,San Giovenale,215,0.65,"same (auto: name equal within 5 km, or <= 500 m and similarity >= 0.65)"
Q118150951,Tarracina-Anxur,433143,Tarracina(e)/Anxur,55,0.94,"same (auto: name equal within 5 km, or <= 500 m and similarity >= 0.65)"
Q118174053,Fanum Fortunae,413129,Fanum Fortunae,29,1.0,"same (auto: name equal within 5 km, or <= 500 m and similarity >= 0.65)"
Q118218166,Villa di Cicerone (Anzio),720902384,Villa di Nerone,580,0.72,different (assistant review: two different villas)
Q118287377,piana di Grottarossa,422941,Grottarossa,79,0.71,"same (auto: name equal within 5 km, or <= 500 m and similarity >= 0.65)"
Q119855487,Sacred area in Largo di Torre Argentina,967215409,Largo di Torre Argentina,2,0.76,"same (auto: name equal within 5 km, or <= 500 m and similarity >= 0.65)"
Q120005645,Mithraeum of the Seven Gates,721707849,Mithraeum of the Seven Gates,2,1.0,"same (auto: name equal within 5 km, or <= 500 m and similarity >= 0.65)"
Q121190567,Temple of Spes,243075423,Temple of Veiovis,354,0.71,"same (auto: name equal within 5 km, or <= 500 m and similarity >= 0.65)"
Q122913900,Acropole de Populonia,403212,Fufluna/Populonium,195,0.51,different (assistant review: acropolis vs whole city)
Q123158834,Baiae,432716,Baiae,122,1.0,"same (auto: name equal within 5 km, or <= 500 m and similarity >= 0.65)"
Q123497173,Mithraeum of the Footprint,981681540,Mithraeum of the Seven Spheres,635,0.68,different (assistant review: two different mithraea)
Q123988035,Casa del Colonnato Tuscanico,656691255,Casa del Rilievo di Telefo,462,0.52,different (auto: similarity < 0.55 and > 300 m apart)
Q124251336,Mithraeum of the Snakes,721707849,Mithraeum of the Seven Gates,348,0.86,"same (auto: name equal within 5 km, or <= 500 m and similarity >= 0.65)"
Q124309665,Parco archeologico del Celio,445192365,Case Romane del Celio,128,0.61,different (assistant review: park vs Roman houses)
Q124359886,Villa dei Pisoni,785990531,Villa di Capitone,305,0.79,"same (auto: name equal within 5 km, or <= 500 m and similarity >= 0.65)"
Q124515882,Ancona,413014,Ancon(a),22,0.92,"same (auto: name equal within 5 km, or <= 500 m and similarity >= 0.65)"
Q127871669,Pietra Pertusa Mithraeum,560526963,Torre di Pietra Pertusa,214,0.6,different (assistant review: mithraeum vs tower)
Q127990752,Round temple,900824128,Quattro tempietti,336,0.55,different (assistant review: round temple vs four temples)
Q127991492,House of the Round Temple,432599298,House of the Gorgons,214,0.71,"same (auto: name equal within 5 km, or <= 500 m and similarity >= 0.65)"
Q128007723,House of the Grain Measurers,432599298,House of the Gorgons,420,0.71,"same (auto: name equal within 5 km, or <= 500 m and similarity >= 0.65)"
Q128407230,Castrum Novum,432772,Castrum Novum,245,1.0,"same (auto: name equal within 5 km, or <= 500 m and similarity >= 0.65)"
Q129176822,Necropoli del Calvario,643083925,Necropoli Fondo Scataglini,231,0.67,"same (auto: name equal within 5 km, or <= 500 m and similarity >= 0.65)"
Q129403279,La Marmotta,424390148,La Marmotta,406,1.0,"same (auto: name equal within 5 km, or <= 500 m and similarity >= 0.65)"
Q130214338,Zone archéologique de San Giuliano,413299,San Giuliano,260,0.52,same (assistant review: same archaeological site)
Q131357854,"Domus delle Gorgoni (I,XIII,6)",338131054,Domus della Fortuna Annonaria,117,0.55,different (assistant review: two different domus)
Q131358160,Porticus and House of Hercules,223974300,House of the Fishes,52,0.53,different (assistant review: two different houses)
Q131358224,Tomba degli Archetti,589881342,Terme del Nuotatore,506,0.51,different (auto: similarity < 0.55 and > 300 m apart)
Q131362628,Villa Area Casali a Tor Vergata,348038268,Villa Area 5-7 a Tor Vergata,266,0.85,"same (auto: name equal within 5 km, or <= 500 m and similarity >= 0.65)"
Q113585629,Castello di San Giovenale,413298,San Giovenale,100,0.68,"same (auto: name equal within 5 km, or <= 500 m and similarity >= 0.65)"
Q131366743,Forum of Fregellae,432846,Fregellae,21,0.67,"same (auto: name equal within 5 km, or <= 500 m and similarity >= 0.65)"
Q131369619,Porta Capuana (Aquino),416192210,Porta Capuana,9,0.76,"same (auto: name equal within 5 km, or <= 500 m and similarity >= 0.65)"
Q131405146,Domus del Ninfeo,338131054,Domus della Fortuna Annonaria,494,0.53,different (auto: similarity < 0.55 and > 300 m apart)
Q131521526,Castrum (Ostia),443253553,Roman theater at Ostia,317,0.56,different (assistant review: castrum vs theatre)
Q131534995,Basilica (Ostia),732059512,"Christian Basilica, Ostia",166,0.75,"same (auto: name equal within 5 km, or <= 500 m and similarity >= 0.65)"
Q131552835,Thermopolium di Via di Diana,616093383,Thermopolium,57,0.6,same (assistant review: same thermopolium on Via di Diana)
Q131573600,Forum of Gabii,422932,Gabii,237,0.53,different (assistant review: forum inside the city)
Q131624801,Caseggiato dei Dolii,432599299,Caseggiato di Bacco e Arianna,391,0.65,"same (auto: name equal within 5 km, or <= 500 m and similarity >= 0.65)"
Q131630654,Caseggiato dei Triclini,432599299,Caseggiato di Bacco e Arianna,428,0.65,"same (auto: name equal within 5 km, or <= 500 m and similarity >= 0.65)"
Q131681371,Curia (Ostia),732059512,"Christian Basilica, Ostia",170,0.59,different (assistant review: curia vs basilica)
Q131752240,Foro della Statua Eroica,338131054,Domus della Fortuna Annonaria,110,0.57,different (assistant review: forum vs domus)
Q131760510,Tomb of Helle,477129965,Tomb of the Lollii,316,0.77,"same (auto: name equal within 5 km, or <= 500 m and similarity >= 0.65)"
Q131760741,Tomb of Publius Flavius Philoxsenus and Flavia Agathea,792436981,Tomb of Publius Vesonius Phileros ,44,0.62,different (assistant review: two different tombs)
Q131763104,Terme di Buticoso,589881342,Terme del Nuotatore,436,0.61,different (assistant review: two different baths)
Q131777161,Tempio tetrastilo,900824128,Quattro tempietti,401,0.53,different (auto: similarity < 0.55 and > 300 m apart)
Q131844257,Caseggiato dei Molini,432599299,Caseggiato di Bacco e Arianna,466,0.68,"same (auto: name equal within 5 km, or <= 500 m and similarity >= 0.65)"
Q131858977,Mithraeum of the House of Diana,721707849,Mithraeum of the Seven Gates,313,0.71,"same (auto: name equal within 5 km, or <= 500 m and similarity >= 0.65)"
Q131868358,Caseggiato del Larario,432599299,Caseggiato di Bacco e Arianna,319,0.67,"same (auto: name equal within 5 km, or <= 500 m and similarity >= 0.65)"
Q131872424,Porta di Bove,557760948,"Porta di Giove, Falerii",782,0.67,different (assistant review: two different gates)
Q131909640,sepolcro in calcestruzzo in via del Casale Ferranti,782218546,"Columbarium, Via del Casale Ferranti",137,0.64,different (assistant review: two different tombs)
Q131911383,Caseggiato della Cisterna,432599299,Caseggiato di Bacco e Arianna,493,0.63,different (assistant review: two different buildings)
Q131923602,Terme del Mitra,238098310,Terme della Trinacria,117,0.72,"same (auto: name equal within 5 km, or <= 500 m and similarity >= 0.65)"
Q131936641,Hall of the Grain Measurers,981681540,Mithraeum of the Seven Spheres,511,0.56,different (assistant review: hall vs mithraeum)
Q131980428,Mitreo del Palazzo Imperiale,411301347,Palazzo Imperiale (Ostia),37,0.65,"same (auto: name equal within 5 km, or <= 500 m and similarity >= 0.65)"
Q132187842,Mithraeum des Sept Sphères,981681540,Mithraeum of the Seven Spheres,3,0.79,"same (auto: name equal within 5 km, or <= 500 m and similarity >= 0.65)"
Q132201164,Baths of Maxentius,26588226,Baths of Decius,653,0.79,different (assistant review: two different baths)
Q132201313,Baths of Septimius Severus,370240026,Arch of Septimius Severus,666,0.9,different (assistant review: baths vs arch)
Q132220235,Domus del Mitreo delle Pareti Dipinte,834171137,Domus and Mitreo delle Pareti Dipinte,6,0.95,"same (auto: name equal within 5 km, or <= 500 m and similarity >= 0.65)"
Q132395614,Sacello delle Tre Navate,834171137,Domus and Mitreo delle Pareti Dipinte,121,0.56,different (assistant review: two different buildings)
Q132471310,Caseggiato delle Volte Dipinte,834171137,Domus and Mitreo delle Pareti Dipinte,156,0.57,different (assistant review: two different buildings)
Q132632083,Domus dei Dioscuri,338131054,Domus della Fortuna Annonaria,515,0.55,different (assistant review: two different domus)
Q132705878,Tempio della Magna Mater (Ostia),443253553,Roman theater at Ostia,420,0.6,different (assistant review: temple vs theatre)
Q132723345,"House of Dionysiac Reliefs, Herculaneum",590848271,"Augusteum, so-called Basilica at Herculaneum",218,0.58,different (assistant review: house vs basilica)
Q132724160,Temple of Venus at Herculaneum,590848271,"Augusteum, so-called Basilica at Herculaneum",204,0.59,different (assistant review: temple vs basilica)
Q132730901,Santuario di Attis,510922209,Sanctuary of the Bona Dea,218,0.51,different (assistant review: two different sanctuaries)
Q132794985,Macellum (Ostia),443253553,Roman theater at Ostia,450,0.54,different (auto: similarity < 0.55 and > 300 m apart)
Q132810330,Domus dell'Aquila,338131054,Domus della Fortuna Annonaria,305,0.61,different (assistant review: two different domus)
Q132830150,Frigidarium of the Forum Baths,410517750,Garden of the Fugitives,720,0.57,different (assistant review: bath room vs garden)
Q132830210,Tepidarium of the Forum Baths,260329423,Hospitium of Hermes,521,0.58,different (assistant review: bath room vs hospitium)
Q133281972,Baths of Musiciolus,233060586,Baths of the Philosopher,554,0.51,different (auto: similarity < 0.55 and > 300 m apart)
Q133287710,Domus del Protiro,338131054,Domus della Fortuna Annonaria,34,0.57,different (assistant review: two different domus)
Q133812958,Oratorio cristiano (Ostia),732059512,"Christian Basilica, Ostia",564,0.6,different (assistant review: oratory vs basilica)
Q134307723,Suasa Forum,413324,Suasa,40,0.62,different (assistant review: forum inside the town)
Q135677137,"Insula dell'Invidioso (V,V,1)",841214213,Insula dei Dipinti,155,0.57,different (assistant review: two different insulae)
Q135678571,Warehouse of Hortensius,432599298,House of the Gorgons,293,0.65,"same (auto: name equal within 5 km, or <= 500 m and similarity >= 0.65)"
Q136291544,Decumano massimo di Suasa,150998961,Roman amphitheater at Suasa,243,0.5,different (assistant review: street vs amphitheatre)
Q136292560,Domus del primo stile,213761155,Domus dei Coiedii,33,0.58,different (assistant review: two different domus)
Q137362770,castello Caetani,156802663,Castrum Caetani,79,0.77,"same (auto: name equal within 5 km, or <= 500 m and similarity >= 0.65)"
Q138584397,villa Spigarelli,720902384,Villa di Nerone,834,0.58,different (assistant review: two different villas)
Q140128640,ad Spem Veterem,874244230,Horti Spei Veteris,225,0.61,"different (default: kept separate, identity could not be determined; overwrite with your decision)"
Q140268685,Tannetum amphitheater,383791,Tannetum,701,0.55,different (assistant review: amphitheatre vs the town)
Q140375653,Terme del Sileno,238098310,Terme della Trinacria,403,0.65,different (assistant review: two different baths)
Q140421880,Mitreo del Campidoglio «lo perso»,767766096,Torre delle Milizie,473,0.52,different (auto: similarity < 0.55 and > 300 m apart)
Q134944137,Torre IX,723728396,Torre di Mercurio,359,0.56,different (assistant review: two different towers)
Q140421901,Mitreo di Cosa,387686949,Capitolium of Cosa,14,0.56,different (assistant review: mithraeum vs Capitolium)
Q140421919,Mitreo della Crypta Balbi,756231346,Crypta Balbi,433,0.65,different (assistant review: mithraeum inside Crypta Balbi)
Q140421953,Mitreo all'Arco di San Lazzaro,446459843,Arco di San Lazzaro,3,0.78,"same (auto: name equal within 5 km, or <= 500 m and similarity >= 0.65)"
Q140421956,Mitreo di Carsulae,209814686,Forum of Carsulae,18,0.63,different (assistant review: mithraeum vs forum)
Q140421967,Mitreo della domus dei capitelli,834171137,Domus and Mitreo delle Pareti Dipinte,391,0.55,different (assistant review: two different mithraea)
Q140505552,Temple of the Round Altar,282772660,Temple of the Fabri Navales,104,0.69,"same (auto: name equal within 5 km, or <= 500 m and similarity >= 0.65)"
Q140506533,Warehouse of the Grain Measurers,432599298,House of the Gorgons,529,0.65,different (assistant review: warehouse vs house)
Q140631542,cisterna maggiore di Villa Gordiani,472526695,Roman Mausoleum of Villa Gordiani,224,0.68,"same (auto: name equal within 5 km, or <= 500 m and similarity >= 0.65)"
Q140646572,Villa romana detta dei Caminetti,924954380,Villa delle Terme degli Stucchi Dipinti,454,0.54,different (auto: similarity < 0.55 and > 300 m apart)
Q141057897,Tusculum bath complex,423108,Tusculum,161,0.55,different (assistant review: baths inside the city)
Q141063687,Cetamura del Chianti,413077,Cetamura,160,0.57,same (assistant review: same Etruscan site)
Q141086013,Casal Bernocchi necropolis,52385299,Casal Bernocchi-Malafede,44,0.68,"same (auto: name equal within 5 km, or <= 500 m and similarity >= 0.65)"
Q141328120,"Great cistern, Villa of Maxentius",461581649,Circus of Maxentius,343,0.62,different (assistant review: cistern vs circus)
Q141333655,Ruins of the villa of Villa Arcinelli,431699812,Villa Arcinelli,34,0.58,same (assistant review: same villa)
Q3645136,Brixia,383603,Brixia,221,1.0,"same (auto: name equal within 5 km, or <= 500 m and similarity >= 0.65)"
Q55391919,santuario di Minerva di Breno,504552165,Sanctuary of Minerva at Spinera,235,0.63,"same (assistant review: same sanctuary at Spinera, Breno)"
Q56258607,archaeological area of Mount San Martino,383713,Monte S. Martino,138,0.5,same (assistant review: same hill site)
Q25387097,Menhirs in Algund,861853679,Algund,405,0.52,different (auto: similarity < 0.55 and > 300 m apart)
Q28978059,Altinum amphitheatre,393374,Altinum,305,0.52,different (auto: similarity < 0.55 and > 300 m apart)
Q85862860,Foro di Verona,383816,Verona,144,0.6,different (assistant review: forum inside the city)
Q618934,Temple of Apollo Grannus,551465182,Apollo-Grannus-Tempel,18,0.62,"same (assistant review: same temple, German name)"
Q1362486,Castellum of Burlafingen,118619,Burlafingen,554,0.63,same (assistant review: same Roman fort)
Q1722756,Kalvarienberg Schwabegg,118957,Schwabegg,194,0.56,"different (default: kept separate, identity could not be determined; overwrite with your decision)"
Q1735429,Castra of Unterkirchberg,119013,Unterkirchberg,46,0.74,"same (auto: name equal within 5 km, or <= 500 m and similarity >= 0.65)"
Q19309656,Submuntorium,118986,Summuntorium,475,0.92,"same (auto: name equal within 5 km, or <= 500 m and similarity >= 0.65)"
Q61722183,Cambidanum,187335,Cambodunum (Raetia),680,0.57,"different (default: kept separate, identity could not be determined; overwrite with your decision)"
Q116259720,Unterkirchberg Castle,119013,Unterkirchberg,90,0.8,"same (auto: name equal within 5 km, or <= 500 m and similarity >= 0.65)"
Q116269538,Therme Aquileia,118569,Aquileia,289,0.7,"same (auto: name equal within 5 km, or <= 500 m and similarity >= 0.65)"
Q128401126,Castra Aquileia,118569,Aquileia,189,0.7,"same (auto: name equal within 5 km, or <= 500 m and similarity >= 0.65)"
Q133141249,Foetibus,187382,*Foetes,326,0.71,"same (auto: name equal within 5 km, or <= 500 m and similarity >= 0.65)"
Q1691393,Castra of Unterschwaningen,119014,Unterschwaningen,638,0.76,same (assistant review: same Roman fort)
Q28971508,Dambach amphitheatre,118638,Dambach,368,0.52,different (auto: similarity < 0.55 and > 300 m apart)
Q139973459,Kastell Lauchheim,118800,Lauchheim,808,0.69,same (assistant review: same Roman fort)
Q2179627,Ruffenhofen Roman Park,118938,Ruffenhofen,243,0.67,"same (auto: name equal within 5 km, or <= 500 m and similarity >= 0.65)"
Q21036632,St Nicholas (Marktbreit),118835,Marktbreit,84,0.61,different (assistant review: church vs Roman camp)
Q1466202,Castra of Gunzenhausen,118717,Gunzenhausen,193,0.71,"same (auto: name equal within 5 km, or <= 500 m and similarity >= 0.65)"
Q64812657,Fort site of Oberhochstatt,118888,Oberhochstatt,112,0.67,"same (auto: name equal within 5 km, or <= 500 m and similarity >= 0.65)"
Q1499247,Gelbe Bürg,118692,Gelbe Bürg,1433,1.0,"same (auto: name equal within 5 km, or <= 500 m and similarity >= 0.65)"
Q69391486,Burg Valley,187606,Valley,20,0.71,"same (auto: name equal within 5 km, or <= 500 m and similarity >= 0.65)"
Q1724488,Villa rustica of Denning,118851,München-Denning,123,0.51,"different (default: kept separate, identity could not be determined; overwrite with your decision)"
Q27998680,Oberstimm auxiliary fort,118891,Oberstimm,93,0.55,same (assistant review: same auxiliary fort)
Q15108206,Burg Erding,118667,Erding,94,0.71,"same (auto: name equal within 5 km, or <= 500 m and similarity >= 0.65)"
Q1049798,Castra Regina,118929,Reginum/Castra Regina,33,0.76,"same (auto: name equal within 5 km, or <= 500 m and similarity >= 0.65)"
Q881589,Prüfening Abbey,118711,Grossprüfening,419,0.62,different (assistant review: abbey vs Roman fort)
Q1015442,Burgruine Niedersulzbürg,118984,Sulzbürg,255,0.5,"different (default: kept separate, identity could not be determined; overwrite with your decision)"
Q1015444,Burgruine Obersulzbürg,118984,Sulzbürg,447,0.53,different (auto: similarity < 0.55 and > 300 m apart)
Q15117055,Castellum of Großprüfening,118711,Grossprüfening,859,0.62,same (assistant review: same Roman fort)
Q3055908,Equilio,393414,[Equilum],226,0.71,"same (auto: name equal within 5 km, or <= 500 m and similarity >= 0.65)"
Q1319930,Immurium,187420,‘In Murio’,475,0.62,same (assistant review: Immurium = In Murio)
Q21093704,archaeological area of Aquileia,738844089,Patriarchal Basilica of Santa Maria Assunta of Aquileia,317,0.56,different (assistant review: whole area vs basilica)
Q28977985,Aquileia amphitheatre,187290,Aquileia,390,0.55,different (assistant review: amphitheatre vs the city)
Q29904533,Ancient Roman architecture in Trieste,683009535,Roman theater at Tergeste,52,0.55,different (assistant review: architecture generally vs theatre)
Q37812689,Stadt auf dem Magdalensberg,197365,Magdalensberg,668,0.65,same (assistant review: same town on Magdalensberg)
Q37829015,Hügelgräberfeld Kanzianiberg,187435,Kanzianiberg,635,0.6,different (assistant review: barrow cemetery vs hill settlement)
Q56258745,Aquileia fluvial harbor,187290,Aquileia,546,0.52,different (auto: similarity < 0.55 and > 300 m apart)
Q112174053,Archaeological Area of Concordia Sagittaria,285873044,Unnamed bridge near Concordia Sagittaria,611,0.55,different (assistant review: whole area vs bridge)
Q131762035,"Eastern Domus, Aquileia",187290,Aquileia,258,0.52,different (assistant review: house inside the city)
Q1015362,Ruine Karlstein,187437,Karlstein,776,0.75,different (assistant review: castle ruin vs older site)
Q15116348,Castra Batava,118590,Batavi,128,0.53,same (assistant review: same Roman fort at Passau)
Q15116350,Kastell Boiodurum,118606,Boiodurum/Boiotro,931,0.53,different (auto: similarity < 0.55 and > 300 m apart)
Q1735388,Castra Quintana,118919,Quintana,65,0.7,"same (auto: name equal within 5 km, or <= 500 m and similarity >= 0.65)"
Q2525679,Villa rustica of Altheim-Weirading,214502051,Altheim-Weirading villa rustica,7,0.52,same (assistant review: same villa)
Q14544359,Hallstatt (Archaeology),187406,Hallstatt,787,0.58,same (assistant review: same archaeological site)
Q18603987,Turmhügel Haardorf,118719,Haardorf,327,0.62,different (assistant review: medieval motte vs older site)
Q47482356,Kastell Boiotro,118606,Boiodurum/Boiotro,299,0.5,same (assistant review: same Roman fort)
Q125748665,Höhensiedlung Rainberg,187524,Rainberg,522,0.53,different (auto: similarity < 0.55 and > 300 m apart)
Q2242475,Schloss Moos,118850,Moos,259,0.5,different (assistant review: castle vs ancient site)
Q18604095,Abschnittsbefestigung Steinkirchen,118975,Steinkirchen,99,0.52,"different (default: kept separate, identity could not be determined; overwrite with your decision)"
Q388745,Lauriacum,118802,Lauriacum,564,1.0,"same (auto: name equal within 5 km, or <= 500 m and similarity >= 0.65)"
Q12020674,Oppidum of Hrazany,118755,Hrazany,814,0.56,same (assistant review: same oppidum)
Q12042815,Oppidum Třísov,119002,Třisov,514,0.6,same (assistant review: same oppidum)
Q1474192,Bilzingsleben,118598,Bilzingsleben,1120,1.0,"same (auto: name equal within 5 km, or <= 500 m and similarity >= 0.65)"
Q2282741,Siedlungskammer Rullstorf,99030,Rullstorf,697,0.53,different (auto: similarity < 0.55 and > 300 m apart)
Q893510,Boreum (Kyrenaika),363948,Boreum,31,0.52,same (assistant review: same ancient site)
Q13666,Messina,462538,Zancle/Messana,264,0.57,same (assistant review: Messina = Zancle/Messana)
Q56277533,Abolla,462063,Abolla,5,1.0,"same (auto: name equal within 5 km, or <= 500 m and similarity >= 0.65)"
Q3983226,Temple of Athena,418729933,Temple of Apollo at Syracuse,484,0.59,different (assistant review: two different temples)
Q3984392,Terme della Rotonda,991638694,Terme Achilliane,483,0.57,different (assistant review: two different baths)
Q5054534,Caulon,452352,Kaulonia,286,0.71,"same (auto: name equal within 5 km, or <= 500 m and similarity >= 0.65)"
Q7439652,Scyllaeum,452436,Scylla,250,0.8,"same (auto: name equal within 5 km, or <= 500 m and similarity >= 0.65)"
Q16562070,Grotta del Ninfeo,895916364,Necropoli del Fusco,491,0.5,different (auto: similarity < 0.55 and > 300 m apart)
Q2052044,Neapolis,468879479,Neapolis of Syracuse,69,0.57,same (assistant review: same Neapolis of Syracuse)
Q3621969,Area archeologica di Capo la Timpa,692947273,Capo la Timpa,0,0.55,same (assistant review: same archaeological site)
Q3813280,Catane,462270,Katane/Catina,0,0.53,same (assistant review: Catania = Katane)
Q3827524,Latomia dei Cappuccini,560149180,Catacomba di San Giovanni,972,0.55,different (assistant review: quarry vs catacomb)
Q3984389,Terme dell'Indirizzo,991638694,Terme Achilliane,223,0.56,different (assistant review: two different baths)
Q9033098,Mylae,462379,Mylae,1374,1.0,"same (auto: name equal within 5 km, or <= 500 m and similarity >= 0.65)"
Q21208579,Tomba di Archimede,560149180,Catacomba di San Giovanni,377,0.51,different (auto: similarity < 0.55 and > 300 m apart)
Q55974724,Roman Theatre of Scolacium,914767313,Roman amphitheater at Scylletium/Scolacium,206,0.68,"same (auto: name equal within 5 km, or <= 500 m and similarity >= 0.65)"
Q123247520,catacombs of San Giovanni Evangelista,560149180,Catacomba di San Giovanni,0,0.71,"same (auto: name equal within 5 km, or <= 500 m and similarity >= 0.65)"
Q134036733,Sanctuary of Hyblaia at Catania,101729909,Roman theater of Catania,379,0.58,different (assistant review: sanctuary vs theatre)
Q111605033,area archeologica di Le Castella,452289,Le Castella,490,0.51,different (auto: similarity < 0.55 and > 300 m apart)
Q56258890,Terme Romane,538564218,Terme romane (Regium),25,0.75,"same (auto: name equal within 5 km, or <= 500 m and similarity >= 0.65)"
Q58331106,Archaic Greek theatre of Syracuse,786829671,Greek Theater at Syracuse,145,0.76,"same (auto: name equal within 5 km, or <= 500 m and similarity >= 0.65)"
Q453634,Second Temple of Hera in Paestum,375591100,Temple of Athena at Paestum,510,0.75,different (assistant review: two different temples)
Q2350404,Sassi di Matera,442650,Matera,297,0.57,"different (default: kept separate, identity could not be determined; overwrite with your decision)"
Q3329487,National Archaeological Museum of Paestum,865200669,Forum of Paestum,250,0.53,different (assistant review: museum vs forum)
Q2056141,Passo di Corvo archaeologic park,143520698,Passo di Corvo,9,0.61,same (assistant review: same Neolithic site)
Q3662232,Castellammare della Bruca,198420713,Castellammare della Bruca,2729,1.0,"same (auto: name equal within 5 km, or <= 500 m and similarity >= 0.65)"
Q3982369,Roman Theatre of Lecce,694724623,Roman theater at Lupia(e),20,0.7,"same (auto: name equal within 5 km, or <= 500 m and similarity >= 0.65)"
Q13043692,Apollonia Odeon,481728,Apollonia,367,0.75,"same (auto: name equal within 5 km, or <= 500 m and similarity >= 0.65)"
Q28977983,Egnatia amphitheatre,442573,Egnatia/Gnathia,149,0.69,"same (auto: name equal within 5 km, or <= 500 m and similarity >= 0.65)"
Q28978008,Canusium amphitheatre,442525,Canusium,805,0.55,different (assistant review: amphitheatre vs the town)
Q28978052,Herdoniae amphitheatre,442613,Herdoniae/Ardaneae/Civitas Serdonis,80,0.53,different (assistant review: amphitheatre vs the town)
Q29015170,Friedhof Atella,442479,Atella,788,0.57,different (assistant review: modern cemetery vs ancient town)
Q48807567,Hypogea in Siponto,442797,Sipous/Sipontum,83,0.55,different (assistant review: hypogea vs the town)
Q50572394,Ancient Greek theatre (Metapontion),295344387,Ekklesiasterion/Theater at Metapontum,14,0.54,same (assistant review: same theatre building)
Q66308785,Cugno dei Vagni Roman baths,452318,Cugno dei Vagni,116,0.71,"same (auto: name equal within 5 km, or <= 500 m and similarity >= 0.65)"
Q70772332,Apollonia Theater,481728,Apollonia,372,0.69,"same (auto: name equal within 5 km, or <= 500 m and similarity >= 0.65)"
Q89581542,South portico in the Forum (Paestum),828808246,Porta Marina tower of Poseidonia/Paestum,758,0.56,different (assistant review: portico vs tower)
Q94656635,Greek theater of Velia-Elea,452488,Velia/Elea,87,0.54,different (assistant review: theatre vs the town)
Q55672404,Museo diffuso di Cavallino,442538,Cavallino,532,0.51,different (auto: similarity < 0.55 and > 300 m apart)
Q55673248,archaeological park of Paestum,865200669,Forum of Paestum,258,0.52,different (assistant review: whole park vs forum)
Q105317878,Temple B at Metapontum,442658,Metapontum,47,0.62,different (assistant review: temple vs the city)
Q105317888,Temple C at Metapontum,442658,Metapontum,85,0.62,different (assistant review: temple vs the city)
Q105317897,Temple D at Metapontum,442658,Metapontum,69,0.62,different (assistant review: temple vs the city)
Q112893755,Tempio Italico di Casalbore,442531,Casalbore,141,0.5,"different (default: kept separate, identity could not be determined; overwrite with your decision)"
Q140541190,Grumentum Imperial Baths,442603,Grumentum,228,0.55,different (assistant review: baths vs the town)
Q140541244,Forum of Grumentum,442603,Grumentum,32,0.67,"same (auto: name equal within 5 km, or <= 500 m and similarity >= 0.65)"
Q3944220,Savaria,197498,Savaria,392,1.0,"same (auto: name equal within 5 km, or <= 500 m and similarity >= 0.65)"
Q28973037,Gleisdorf amphitheatre,197284,Gleisdorf,740,0.58,different (assistant review: amphitheatre vs settlement)
Q7427944,Savaria Mithraeum,197498,Savaria,3,0.58,different (assistant review: mithraeum vs the town)
Q60349198,Mithra III,594242500,Mithraeum III at Poetovio,671,0.57,same (assistant review: same Mithraeum III)
Q140421920,Mithraeum I of Ptuj,594242500,Mithraeum III at Poetovio,636,0.68,different (assistant review: Mithraeum I vs Mithraeum III)
Q140421921,Mithraeum II of Ptuj,594242500,Mithraeum III at Poetovio,678,0.71,different (assistant review: Mithraeum II vs Mithraeum III)
Q380800,Aelium Cetium,118629,Cetium,386,0.63,same (assistant review: same Roman town)
Q1643654,Keltendorf Schwarzenbach,724105114,Schwarzenbach,78,0.7,"same (auto: name equal within 5 km, or <= 500 m and similarity >= 0.65)"
Q1735328,Castrum Aequinoctium,128353,Aequinoctium,195,0.75,"same (auto: name equal within 5 km, or <= 500 m and similarity >= 0.65)"
Q1735390,Castra of Klosterneuburg,128425,Klosterneuburg,8,0.74,"same (auto: name equal within 5 km, or <= 500 m and similarity >= 0.65)"
Q15823332,Celtic settlement Oberleiserberg,128477,Oberleiserberg,123,0.61,same (assistant review: same Celtic settlement)
Q37829777,Open air museum Petronell,128488,Petronell,467,0.53,different (auto: similarity < 0.55 and > 300 m apart)
Q105672567,Römische Villa Sommerein,128515,Sommerein,447,0.55,different (auto: similarity < 0.55 and > 300 m apart)
Q130350865,Mithraeum III at Carnuntum,949690958,Roman baths at Carnuntum,922,0.64,different (assistant review: mithraeum vs baths)
Q140421923,Mithraeum II of Carnuntum,949690958,Roman baths at Carnuntum,503,0.57,different (assistant review: mithraeum vs baths)
Q140421937,Mithraeum of Scarbantia,197501,Scarbantia,376,0.61,different (assistant review: mithraeum vs the town)
Q140421905,Mithraeum of Stixneusiedl,128520,Stixneusiedl,194,0.65,"different (default: kept separate, identity could not be determined; overwrite with your decision)"
Q133582197,Aelium Cetium,118629,Cetium,386,0.63,same (assistant review: same Roman town)
Q206554,Castra Ad Statuas,197085,Ad Statuas,211,0.74,"same (auto: name equal within 5 km, or <= 500 m and similarity >= 0.65)"
Q1016111,Burgus Bölcske,197174,Bölcske,576,0.67,"different (default: kept separate, identity could not be determined; overwrite with your decision)"
Q1659457,Castra Matrica,197372,Matrica,934,0.67,same (assistant review: same Roman fort)
Q1735322,Castra Ad Militare,197073,Ad Militare,480,0.76,"same (auto: name equal within 5 km, or <= 500 m and similarity >= 0.65)"
Q1735323,Castra Ad Novas,197077,Ad Novas,109,0.7,"same (auto: name equal within 5 km, or <= 500 m and similarity >= 0.65)"
Q4783000,Aquincum Mithraeum,197131,Aquincum Castra,570,0.73,different (assistant review: mithraeum vs the fort)
Q1016119,Castra of Szentendre-Dera,725195997,Burgus Szentendre-Dera,0,0.72,"same (auto: name equal within 5 km, or <= 500 m and similarity >= 0.65)"
Q1735438,Castra Ad Statuas,197086,Ad Statuas?,4,0.74,"same (auto: name equal within 5 km, or <= 500 m and similarity >= 0.65)"
Q12771877,Tomb in Očkov,128479,Očkov,889,0.56,"different (default: kept separate, identity could not be determined; overwrite with your decision)"
Q16830693,Brigetio,197180,Brigetio,704,1.0,"same (auto: name equal within 5 km, or <= 500 m and similarity >= 0.65)"
Q129916776,Aquincum Macellum,197130,Aquincum,18,0.64,different (assistant review: macellum vs the town)
Q11796318,Odry,20563,Odry,1801,1.0,"same (auto: name equal within 5 km, or <= 500 m and similarity >= 0.65)"
Q14435122,Mohyla (Nymburk),118883,Nymburk,185,0.64,different (assistant review: barrow vs settlement)
Q37173301,Pičhora,118647,Dobřichov,523,0.5,different (auto: similarity < 0.55 and > 300 m apart)
Q5422218,"Extramural Sanctuary of Demeter and Persephone at Cyrene, Libya",464482220,Sanctuary of Apollo at Cyrene,728,0.57,different (assistant review: two different sanctuaries)
Q28671588,"Colonnaded Palace, Ptolemais",41409822,Odeon in Ptolemais,247,0.61,different (assistant review: palace vs odeon)
Q65080058,Caudus,589859,Kaudos?,684,0.67,same (assistant review: Caudus = Kaudos (Gavdos))
Q82073864,Temple of Apollo in Cyrene,103565779,Temple of Zeus at Cyrene,757,0.72,different (assistant review: two different temples)
Q82073867,Temple of Artemis in Cyrene,103565779,Temple of Zeus at Cyrene,934,0.78,different (assistant review: two different temples)
Q82073884,Temple of Augustus in Cyrene,103565779,Temple of Zeus at Cyrene,710,0.77,different (assistant review: two different temples)
Q82073888,Temple of Hades in Cyrene,103565779,Temple of Zeus at Cyrene,877,0.82,different (assistant review: two different temples)
Q82073891,Temple of Isis in Cyrene,103565779,Temple of Zeus at Cyrene,944,0.79,different (assistant review: two different temples)
Q71990690,"Cyrene, North Necropolis",376001,Cyrene - Apollonia Road,439,0.55,different (assistant review: necropolis vs road)
Q82073856,Mithraeum in Cyrene,534059885,Theater of Cyrene,284,0.61,different (assistant review: mithraeum vs theatre)
Q82073859,Temple of Aphrodite in Cyrene,103565779,Temple of Zeus at Cyrene,705,0.72,different (assistant review: two different temples)
Q3117149,Miamou cave,589931,Miamou,731,0.71,"different (default: kept separate, identity could not be determined; overwrite with your decision)"
Q27488097,Sīdī Khuraybīsh,789856351,Church in Sidi Khiribech,293,0.51,different (assistant review: site vs church)
Q70772346,Theater of Cyrene,534059885,Theater of Cyrene,1110,1.0,"same (auto: name equal within 5 km, or <= 500 m and similarity >= 0.65)"
Q104671952,"Temple of Commodus, Cyrene",103565779,Temple of Zeus at Cyrene,398,0.8,"same (auto: name equal within 5 km, or <= 500 m and similarity >= 0.65)"
Q104672103,"Piazza Ghebab, Cyrene",534059885,Theater of Cyrene,605,0.58,different (assistant review: square vs theatre)
Q104672177,"Strategheion, Cyrene",534059885,Theater of Cyrene,303,0.65,different (assistant review: strategeion vs theatre)
Q104677158,"Temple of Asklepios, Sanctuary of Apollo",464482220,Sanctuary of Apollo at Cyrene,149,0.55,different (assistant review: temple vs whole sanctuary)
Q104677389,"Temple of Jason Magnus, Cyrene",103565779,Temple of Zeus at Cyrene,908,0.74,different (assistant review: two different temples)
Q104713242,"East Church, Taucheira",373736,Arsinoe/Taucheira,286,0.56,different (assistant review: church vs the town)
Q104713306,"Gymnasium, Taucheira",373736,Arsinoe/Taucheira,176,0.7,"same (auto: name equal within 5 km, or <= 500 m and similarity >= 0.65)"
Q104713311,"East Wall, Taucheira",373736,Arsinoe/Taucheira,197,0.59,different (assistant review: wall vs the town)
Q104734650,"Arch of Constantine, Ptolemais",41409822,Odeon in Ptolemais,363,0.62,different (assistant review: arch vs odeon)
Q104734893,"Theatre 2, Cyrene",534059885,Theater of Cyrene,934,0.82,different (assistant review: two different theatres)
Q104735211,"Byzantine Baths, Cyrene",534059885,Theater of Cyrene,300,0.6,different (assistant review: baths vs theatre)
Q104735265,"Theatre 4, Cyrene",534059885,Theater of Cyrene,774,0.82,different (assistant review: two different theatres)
Q104776246,"Upper Theatre, Ptolemais",41409822,Odeon in Ptolemais,840,0.57,different (assistant review: theatre vs odeon)
Q104776381,"Hestiatorion (?), Cyrene",534059885,Theater of Cyrene,979,0.63,different (assistant review: hestiatorion vs theatre)
Q104776474,"Twin Temples, Cyrene",103565779,Temple of Zeus at Cyrene,666,0.68,different (assistant review: two different temples)
Q104776489,"Temple of the Muses, Cyrene",103565779,Temple of Zeus at Cyrene,696,0.82,different (assistant review: two different temples)
Q104776497,"Temple of Asklepios, Cyrene",103565779,Temple of Zeus at Cyrene,707,0.78,different (assistant review: two different temples)
Q104776526,"Archeion, Cyrene",534059885,Theater of Cyrene,820,0.61,different (assistant review: archive vs theatre)
Q104776559,"Hall of the Benches, Cyrene",103565779,Temple of Zeus at Cyrene,772,0.59,different (assistant review: hall vs temple)
Q104776576,"Hellenistic Peristyle House, Cyrene",103565779,Temple of Zeus at Cyrene,788,0.54,different (auto: similarity < 0.55 and > 300 m apart)
Q104776708,"House by the Propylaeum, Cyrene",534059885,Theater of Cyrene,688,0.5,different (auto: similarity < 0.55 and > 300 m apart)
Q104776725,"Temple of Cybele, Cyrene",103565779,Temple of Zeus at Cyrene,705,0.79,different (assistant review: two different temples)
Q82073907,Temple of Bacchus (uptown Caesareum) in Cyrene,103565779,Temple of Zeus at Cyrene,592,0.6,different (assistant review: two different temples)
Q82073912,Temple of Asclepius (uptown) in Cyrene,103565779,Temple of Zeus at Cyrene,708,0.71,different (assistant review: two different temples)
Q104659823,"Byzantine Building west of East Church, Apollonia",876619727,So-called West Church in Apollonia,429,0.63,different (assistant review: two different buildings)
Q104660481,"Roman Baths, Apollonia",305199887,So-called Roman Baths in Apollonia,64,0.79,"same (auto: name equal within 5 km, or <= 500 m and similarity >= 0.65)"
Q104661487,"Byzantine Theatre, Ptolemais",41409822,Odeon in Ptolemais,267,0.57,different (assistant review: theatre vs odeon)
Q104671127,"House of Jason Magnus, Cyrene",312715518,So-called House of Jason Magnus,32,0.7,"same (auto: name equal within 5 km, or <= 500 m and similarity >= 0.65)"
Q104671195,"Temple of Hermes, Cyrene",103565779,Temple of Zeus at Cyrene,688,0.83,different (assistant review: two different temples)
Q104671462,"Byzantine Tower, Cyrene",534059885,Theater of Cyrene,924,0.6,different (assistant review: tower vs theatre)
Q104671488,"Agora, Cyrene",373778,Cyrene,982,0.63,different (assistant review: agora inside the city)
Q104671545,"Temple of Zeus, Agora, Cyrene",103565779,Temple of Zeus at Cyrene,743,0.87,different (assistant review: agora temple vs great Zeus temple)
Q104671724,"Acropolis Gate, Cyrene",464482220,Sanctuary of Apollo at Cyrene,421,0.67,"same (auto: name equal within 5 km, or <= 500 m and similarity >= 0.65)"
Q104776750,"House of the Mosaic of Dionysos, Cyrene",372376094,So-called House of the Doric Peristyle,569,0.52,different (auto: similarity < 0.55 and > 300 m apart)
Q104776813,"Temple of the Nymph Kurana, Cyrene",103565779,Temple of Zeus at Cyrene,394,0.62,different (assistant review: two different temples)
Q104777474,"Temple G, Cyrene",103565779,Temple of Zeus at Cyrene,354,0.75,"same (auto: name equal within 5 km, or <= 500 m and similarity >= 0.65)"
Q104777624,"Central Baths, Cyrene",464482220,Sanctuary of Apollo at Cyrene,830,0.6,different (assistant review: baths vs sanctuary)
Q104777747,"Temple of Athena, Cyrene",103565779,Temple of Zeus at Cyrene,886,0.79,different (assistant review: two different temples)
Q104777754,"Shrine of Serapis, Cyrene",103565779,Temple of Zeus at Cyrene,886,0.61,different (assistant review: shrine vs temple)
Q104778095,"Roman House, Cyrene",103565779,Temple of Zeus at Cyrene,975,0.56,different (assistant review: house vs temple)
Q104778109,"Temple of Apollo Nymphagetes, Cyrene",103565779,Temple of Zeus at Cyrene,922,0.67,different (assistant review: two different temples)
Q104778289,"Temple of Eluet Gassam, Cyrene",103565779,Temple of Zeus at Cyrene,262,0.74,"same (auto: name equal within 5 km, or <= 500 m and similarity >= 0.65)"
Q104786864,"Tumulus burial, Apollonia",876619726,Theatre of Apollonia,31,0.53,different (assistant review: tumulus vs theatre)
Q104806237,"Roman Villa, Taucheira",373736,Arsinoe/Taucheira,51,0.62,different (assistant review: villa vs the town)
Q104812779,"Augusteum, Cyrene",534059885,Theater of Cyrene,706,0.65,different (assistant review: Augusteum vs theatre)
Q105027199,"Temple A, Cyrene",103565779,Temple of Zeus at Cyrene,408,0.75,"same (auto: name equal within 5 km, or <= 500 m and similarity >= 0.65)"
Q105987819,"Area W, Sidi Khrebish",789856351,Church in Sidi Khiribech,19,0.58,different (assistant review: excavation area vs church)
Q106409486,Sīrat al Bu’ayrāt,373763,el-Buerat,291,0.56,"different (default: kept separate, identity could not be determined; overwrite with your decision)"
Q394211,Aglaureion,770861329,Aiakeion,612,0.67,different (assistant review: two different sanctuaries)
Q395367,Ancient Agora of Athens,773761100,Roman Agora of Athens,347,0.82,"same (auto: name equal within 5 km, or <= 500 m and similarity >= 0.65)"
Q484363,Anakeion,770861329,Aiakeion,685,0.88,different (assistant review: two different sanctuaries)
Q683988,Old Temple of Athena,118337619,Temple of Athena Nike,140,0.78,"same (auto: name equal within 5 km, or <= 500 m and similarity >= 0.65)"
Q1739125,"Kephala, Kea",395751423,Kephala,109,0.74,"same (auto: name equal within 5 km, or <= 500 m and similarity >= 0.65)"
Q2290491,Choragic Monument of Thrasyllos,813654446,Choragic Monument of Lysicrates,197,0.77,"same (auto: name equal within 5 km, or <= 500 m and similarity >= 0.65)"
Q15906611,Tomb of Epano Phournos,661894078,Kato Phournos Tomb,391,0.55,different (assistant review: two different tombs)
Q16328649,"Caves of Apollo, Zeus and Pan",870756929,Cave of Apollo,14,0.65,"same (auto: name equal within 5 km, or <= 500 m and similarity >= 0.65)"
Q16611485,Tomb of Aegisthus,190863456,Treasury of Atreus,462,0.51,different (auto: similarity < 0.55 and > 300 m apart)
Q16741230,Cyclopean Tomb,661894078,Kato Phournos Tomb,293,0.5,different (assistant review: two different tombs)
Q16489192,Augeiae,570044,Aigiai,304,0.62,"different (default: kept separate, identity could not be determined; overwrite with your decision)"
Q16329497,Lefktro Castle,570431,Leuktron,17,0.55,"different (default: kept separate, identity could not be determined; overwrite with your decision)"
Q3082673,Strategeion,79269910,Eurysakeion,88,0.55,different (assistant review: two different buildings)
Q4779399,Apesokari,92986629,Apesokari Tholos tomb A,789,0.56,different (assistant review: village vs single tomb)
Q4780186,Apodoulou,119143959,Tholos tomb of Apodoulou,942,0.55,different (auto: similarity < 0.55 and > 300 m apart)
Q4796557,Arsinoe,590028,Rhithymna/Arsinoe,0,0.58,"same (assistant review: same Arsinoe, same coordinates)"
Q5054950,Cave of Euripides,879722223,Euripides cave,44,0.58,same (assistant review: same cave)
Q48988139,Nemean Baths,570504,Nemea,86,0.59,different (assistant review: baths vs the sanctuary site)
Q55631908,Rogoi,530822,Rogous,38,0.73,"same (auto: name equal within 5 km, or <= 500 m and similarity >= 0.65)"
Q56247614,Vryokastro Kythnos,570402,Kythnos,266,0.56,same (assistant review: Vryokastro is ancient Kythnos)
Q22675693,Theban Treasury,333036425,The Siphnian Treasury,30,0.78,"same (auto: name equal within 5 km, or <= 500 m and similarity >= 0.65)"
Q22810175,Treasury of the Sicyonians,579842268,Treasury of the Massaliots,581,0.77,different (assistant review: two different treasuries)
Q22810177,Treasury of the Megarians,579842268,Treasury of the Massaliots,601,0.78,different (assistant review: two different treasuries)
Q22810178,Treasury of Cyrene,579842268,Treasury of the Massaliots,544,0.59,different (assistant review: two different treasuries)
Q22810193,Cnidian Treasury,333036425,The Siphnian Treasury,31,0.7,"same (auto: name equal within 5 km, or <= 500 m and similarity >= 0.65)"
Q22810227,Boeotian Treasury,333036425,The Siphnian Treasury,28,0.68,"same (auto: name equal within 5 km, or <= 500 m and similarity >= 0.65)"
Q23889064,Nymphaeon of Olympia,98504070,Metroon at Olympia,36,0.68,"same (auto: name equal within 5 km, or <= 500 m and similarity >= 0.65)"
Q7836783,Treasuries at Olympia,515907169,Megarian Treasury at Olympia,51,0.73,"same (auto: name equal within 5 km, or <= 500 m and similarity >= 0.65)"
Q25351988,Halos (Delphi),333036424,Theater at Delphi,118,0.67,"same (auto: name equal within 5 km, or <= 500 m and similarity >= 0.65)"
Q60791235,"Temple of Aphrodite, Sparta",139216315,Temple of Artemis Orthia,471,0.71,"same (auto: name equal within 5 km, or <= 500 m and similarity >= 0.65)"
Q60791344,Teichus,570708,Teichos Dymaion,6,0.55,same (assistant review: same fortified site)
Q65077723,Calamyde,589832,Kalamyde,146,0.88,"same (auto: name equal within 5 km, or <= 500 m and similarity >= 0.65)"
Q65078978,Rhittenia,590029,Rhittenia?,407,1.0,"same (auto: name equal within 5 km, or <= 500 m and similarity >= 0.65)"
Q75158603,"Perikleous St, Piraeus excavation",580062,Peiraieus/Piraeus,229,0.6,different (assistant review: excavation vs whole city)
Q19598815,Greek baths of Olympia,124732691,Hippodrome of Olympia,487,0.6,different (assistant review: baths vs hippodrome)
Q56761602,Leuctra,540913,Leuktra,945,0.86,same (assistant review: same Leuctra)
Q60790987,Sanctuary of Demeter and Kore on Acrocorinth,516817907,Temple of Aphrodite on the Acrocorinth,793,0.56,different (assistant review: two different sanctuaries)
Q17496804,Ioannina Castle,530900,Ioannina,387,0.7,"same (auto: name equal within 5 km, or <= 500 m and similarity >= 0.65)"
Q17629888,Sepias,541096,Sepias,0,1.0,"same (auto: name equal within 5 km, or <= 500 m and similarity >= 0.65)"
Q1328318,Fortress of Eleutherai,540756,Eleutherai,34,0.62,same (assistant review: same fortress)
Q1552834,Phyle,580079,Phyle,5,1.0,"same (auto: name equal within 5 km, or <= 500 m and similarity >= 0.65)"
Q1792894,Treasury of Minyas,297166731,Theater of Orchomenus,58,0.56,different (assistant review: tholos tomb vs theatre)
Q2032467,Temenos of Dionysus Eleuthereus,649966335,Theater of Dionysus Eleuthereus,38,0.84,"same (auto: name equal within 5 km, or <= 500 m and similarity >= 0.65)"
Q2421541,Thisvi,541146,Thisbe,599,0.67,same (assistant review: Thisvi = Thisbe)
Q2729369,Artemis Laphria temple,244463746,Artemis Laphria Sanctuary (Kalydon),7,0.64,different (assistant review: temple vs whole sanctuary)
Q4306925,Street of the Tripods,89350791,Tower of the Winds,449,0.67,"same (auto: name equal within 5 km, or <= 500 m and similarity >= 0.65)"
Q11888891,Proclus's House,367412638,Omega House,409,0.54,different (auto: similarity < 0.55 and > 300 m apart)
Q12874057,Archampolis,540661,Arkhampolis,1964,0.91,"same (assistant review: same place, spelling variant)"
Q12874094,Benizelos mansion,928072777,Benches on Kolonos Agoraios,650,0.5,different (auto: similarity < 0.55 and > 300 m apart)
Q12878106,Athena Ergane sanctuary,486617494,Skyphoi sanctuary,144,0.55,different (assistant review: two different sanctuaries)
Q12878107,Sanctuary of Demeter Chloe,658982769,Sanctuary of Themis,99,0.67,"same (auto: name equal within 5 km, or <= 500 m and similarity >= 0.65)"
Q12878521,Chalandritsa Tower,814364052,Khalandritsa,296,0.73,"same (auto: name equal within 5 km, or <= 500 m and similarity >= 0.65)"
Q12881649,Agios Ioannis Magkoutis,496995888,Makrygiannis domus,617,0.59,different (assistant review: church vs Roman domus)
Q15526182,Oion,540977,Oion?,805,1.0,"same (auto: name equal within 5 km, or <= 500 m and similarity >= 0.65)"
Q15823181,Kastraki,540633,Anastasis,483,0.59,different (assistant review: different sites)
Q22681531,Ancient Theater of Megalopolis,570467,Megalopolis,463,0.54,different (auto: similarity < 0.55 and > 300 m apart)
Q23869519,Olympia South baths,570531,Olympia,302,0.54,different (auto: similarity < 0.55 and > 300 m apart)
Q23869520,Olympia East Baths,570531,Olympia,138,0.56,different (assistant review: baths vs the sanctuary)
Q23889050,Prytaneion of Olympia,124732691,Hippodrome of Olympia,448,0.67,"same (auto: name equal within 5 km, or <= 500 m and similarity >= 0.65)"
Q24204307,Vespasianae of Athens,807514119,Agora of Athens,395,0.67,"same (auto: name equal within 5 km, or <= 500 m and similarity >= 0.65)"
Q24204370,Pantheon of Athens,91288718,Tholos of Athens,537,0.76,different (assistant review: Pantheon vs Tholos)
Q25166606,Bath of Diochares,866381505,Bema of Phaidros,650,0.61,different (assistant review: bath vs bema)
Q24204683,Agora basilica,676120271,Basilica,2,0.73,"same (auto: name equal within 5 km, or <= 500 m and similarity >= 0.65)"
Q24204702,Aphrodite and Eros shrine,270173116,Triangular Shrine,472,0.57,different (assistant review: two different shrines)
Q16329517,Castle of Theisoa,570720,Theisoa,164,0.58,"different (default: kept separate, identity could not be determined; overwrite with your decision)"
Q17587201,Temple of Asclepius at Epidaurus Asclepieion,570127,Sanctuary of Asklepios at Epidauros,35,0.61,different (assistant review: temple vs whole sanctuary)
Q17652439,archaeological Site of Delphi,333036426,Stadium of Delphi,271,0.52,different (assistant review: whole site vs stadium)
Q16833224,Lion Tomb,661894078,Kato Phournos Tomb,525,0.52,different (auto: similarity < 0.55 and > 300 m apart)
Q21652238,Çukë e Ajtoit,530838,Çukë e Ajtojt,2499,0.92,"same (assistant review: same hillfort, spelling variant)"
Q22046820,Burial for Eubios of Patmos,582559069,Library of Pantainos,841,0.55,different (assistant review: burial vs library)
Q25166869,Corinth Centaur Bath,309736112,Corinth Theater,342,0.63,different (assistant review: bath vs theatre)
Q25451391,Temple E at Corinth,570500582,Temple of Apollo at Corinth,171,0.78,"same (auto: name equal within 5 km, or <= 500 m and similarity >= 0.65)"
Q25451449,Hostels of Olympia,124732691,Hippodrome of Olympia,490,0.72,"same (auto: name equal within 5 km, or <= 500 m and similarity >= 0.65)"
Q25461283,Heroon at Olympia,98504070,Metroon at Olympia,219,0.91,"same (auto: name equal within 5 km, or <= 500 m and similarity >= 0.65)"
Q26869624,Kerameikos Way,97294452,Kerameikos,29,0.83,"same (auto: name equal within 5 km, or <= 500 m and similarity >= 0.65)"
Q27048325,Burial plot of Aristion of Ephesus,728329644,Library of Hadrian at Athens,931,0.52,different (auto: similarity < 0.55 and > 300 m apart)
Q28217939,Theatre of Orchomenos,570535,Orchomenos (Arcadia),14,0.5,different (assistant review: theatre vs the city)
Q38279507,Acropolis Western Hills,638356144,Acropolis of Athens,505,0.57,different (assistant review: western hills vs Acropolis)
Q38279567,Roman Baths in Athens,773761100,Roman Agora of Athens,721,0.71,different (assistant review: baths vs Roman Agora)
Q28602385,Theatre of Makyneia,540927,Makyneia,59,0.59,different (assistant review: theatre vs the town)
Q28602676,ancient Greek theatre of Pleuron,540961,Nea Pleuron,180,0.51,different (assistant review: theatre vs the town)
Q28721248,Theatre of Amphiaraion,71107898,Temple of Amphiaraus,127,0.71,"same (auto: name equal within 5 km, or <= 500 m and similarity >= 0.65)"
Q28721250,Temple of Amphiaraos,71107898,Temple of Amphiaraus,10,0.95,"same (auto: name equal within 5 km, or <= 500 m and similarity >= 0.65)"
Q28721817,Ayios Vassileios,403621799,"Agios Vasileios, Laconia",71,0.7,"same (auto: name equal within 5 km, or <= 500 m and similarity >= 0.65)"
Q28973926,theatre of the sanctuary of Artemis Orthia,139216315,Temple of Artemis Orthia,18,0.64,different (assistant review: theatre vs temple)
Q36024284,Theseion sanctuary,486617494,Skyphoi sanctuary,151,0.69,"same (auto: name equal within 5 km, or <= 500 m and similarity >= 0.65)"
Q38184756,Theater of Elis,710989469,Agora of Elis,289,0.71,"same (auto: name equal within 5 km, or <= 500 m and similarity >= 0.65)"
Q38278729,"Temple of Dione, Dodona",618644371,Bouleuterion at Dodona,97,0.58,different (assistant review: temple vs bouleuterion)
Q38279645,Krannon B tholos tomb,540886,Krannon/Ephyra,655,0.51,different (auto: similarity < 0.55 and > 300 m apart)
Q38279721,Artemis temple in Asclepieion of Epidaurus,570127,Sanctuary of Asklepios at Epidauros,65,0.55,different (assistant review: temple vs whole sanctuary)
Q38279743,Greek baths (Epidaurus),695542935,Stadium at Epidaurus,184,0.62,different (assistant review: baths vs stadium)
Q38279577,Kotzia square excavation,710563473,South Square,959,0.5,different (auto: similarity < 0.55 and > 300 m apart)
Q38279600,"Temple of Athena and Zeus Soter, Figaleia",562673316,Sanctuary of Artemis Soteira (Phigaleia),21,0.6,different (assistant review: two different temples)
Q38280383,Temple of Zeus Stratios,786052705,Theater of Stratos,732,0.63,different (assistant review: temple vs theatre)
Q38280536,Heroon of Calydon,540699,Calydon,31,0.58,different (assistant review: heroon vs the city)
Q38280651,Leuktra trophy,680601466,Leuctra tropaion,4,0.73,"same (auto: name equal within 5 km, or <= 500 m and similarity >= 0.65)"
Q38280967,Akraiphnion,540617,Akraiphiai,658,0.76,same (assistant review: same ancient town)
Q38281039,Acropolis South Slope,638356144,Acropolis of Athens,110,0.7,"same (auto: name equal within 5 km, or <= 500 m and similarity >= 0.65)"
Q38281317,Early Christian Nicopolis,82145424,Roman theater at Nicopolis,482,0.59,"different (default: kept separate, identity could not be determined; overwrite with your decision)"
Q38281375,Toroni,501646,Torone,9,0.83,"same (auto: name equal within 5 km, or <= 500 m and similarity >= 0.65)"
Q38281449,Pellana site,570575,Pellana,59,0.74,"same (auto: name equal within 5 km, or <= 500 m and similarity >= 0.65)"
Q38281599,Sacred Way of Delphi,333036426,Stadium of Delphi,470,0.7,"same (auto: name equal within 5 km, or <= 500 m and similarity >= 0.65)"
Q38281852,"Toumba tholos tomb, Dimini",789002570,"Lamiospito Tholos Tomb, Dimini",12,0.79,"same (auto: name equal within 5 km, or <= 500 m and similarity >= 0.65)"
Q38281864,Temple of Artemis in Brauron,579879,Brauron/sanctuary of Artemis Brauronia,36,0.61,different (assistant review: temple vs whole sanctuary)
Q38282077,Nikopolis Roman baths,531013,Nicopolis,619,0.53,different (auto: similarity < 0.55 and > 300 m apart)
Q38282202,Acropolis north slope,638356144,Acropolis of Athens,110,0.7,"same (auto: name equal within 5 km, or <= 500 m and similarity >= 0.65)"
Q38282514,Tumuli of Nydri,531014,Nydri,484,0.5,different (auto: similarity < 0.55 and > 300 m apart)
Q38282648,Alipheira temple tombs,570065,Alipheira,134,0.58,different (assistant review: tombs vs the town)
Q38282729,Monemvasia Castle,109466300,Monemvasia,340,0.74,"same (auto: name equal within 5 km, or <= 500 m and similarity >= 0.65)"
Q38283035,Temple of Aphrodite at Basses,53976666,Temple of Artemis Orthasia,433,0.65,"same (auto: name equal within 5 km, or <= 500 m and similarity >= 0.65)"
Q38283529,little theatre of Gortyna,226009789,Roman theater at Gortyna,446,0.65,"same (auto: name equal within 5 km, or <= 500 m and similarity >= 0.65)"
Q38381593,Theatre of Aptera,589704,Aptera,161,0.52,different (assistant review: theatre vs the city)
Q40519661,Theater of Karthaia,372021190,ancient theater of Carthaea,5,0.74,"same (auto: name equal within 5 km, or <= 500 m and similarity >= 0.65)"
Q41079524,Stadium of Messene,596063692,Theatre of Messene,546,0.72,different (assistant review: stadium vs theatre)
Q41818752,ancient Tanagra,580114,Tanagra,139,0.64,same (assistant review: same ancient city)
Q56237175,Kierion acropolis,540867,Kierion,11,0.58,different (assistant review: acropolis vs the city)
Q56237197,Sanctuary of Itonian Athina,540677,Sanctuary of Athena Itonia,612,0.72,same (assistant review: same Athena Itonia sanctuary)
Q56397429,Castle of Margariti,530993,Margariti,153,0.64,"different (default: kept separate, identity could not be determined; overwrite with your decision)"
Q56397475,Vathychori towers,749295738,Vathychori,496,0.74,"same (auto: name equal within 5 km, or <= 500 m and similarity >= 0.65)"
Q56397540,"Ikarion, Dionysos",982593692,Sanctuary of Dionysos,5,0.63,same (assistant review: same Dionysos sanctuary at Ikarion)
Q56398306,Basilica of Kenchreai,570347,Kenchreai,434,0.6,different (assistant review: basilica vs the port town)
Q56398970,Polyrrhenia,590003,Polyrrenia,83,0.95,"same (auto: name equal within 5 km, or <= 500 m and similarity >= 0.65)"
Q56476723,Kyparissia Castle,570397,Kyparissia,272,0.74,"same (auto: name equal within 5 km, or <= 500 m and similarity >= 0.65)"
Q56952437,Lion of Chaeronea,540701,Chaeronea,603,0.69,different (assistant review: monument vs the town)
Q66459382,Roman baths (Epidaurus),695542935,Stadium at Epidaurus,279,0.67,"same (auto: name equal within 5 km, or <= 500 m and similarity >= 0.65)"
Q68122000,Buthrotum Therme,530824,Bouthroton,39,0.54,different (assistant review: baths vs the city)
Q106526554,Herakles shrine (Thebes),492759698,Electran Gate (Thebes),72,0.59,different (assistant review: shrine vs gate)
Q106841551,Colonia Laus Iulia Corinthiensis,100913712,Gymnasium at Corinth,590,0.54,different (auto: similarity < 0.55 and > 300 m apart)
Q106953355,Treasury of Gela,515907169,Megarian Treasury at Olympia,17,0.55,different (assistant review: two different treasuries)
Q106953399,Syracusan Treasury,515907169,Megarian Treasury at Olympia,80,0.52,different (assistant review: two different treasuries)
Q106956846,Byzantine Treasury (IV),638203604,Metapontine Treasury at Olympia,48,0.68,"same (auto: name equal within 5 km, or <= 500 m and similarity >= 0.65)"
Q106956847,Selinuntine Treasury (IX),638203604,Metapontine Treasury at Olympia,6,0.65,"same (auto: name equal within 5 km, or <= 500 m and similarity >= 0.65)"
Q106956848,Sybarite Treasury (V),515907169,Megarian Treasury at Olympia,54,0.58,different (assistant review: two different treasuries)
Q106956849,Cyrenaean Treasury (VI),964672520,Epidamnian Treasury at Olympia,27,0.62,different (assistant review: two different treasuries)
Q106956850,Olympia Treasury VII,515907169,Megarian Treasury at Olympia,37,0.58,different (assistant review: two different treasuries)
Q106982482,Pillar of Oenomaus at Olympia,316294900,Temple of Zeus at Olympia,80,0.74,"same (auto: name equal within 5 km, or <= 500 m and similarity >= 0.65)"
Q106996940,Agora of Elis,710989469,Agora of Elis,90,1.0,"same (auto: name equal within 5 km, or <= 500 m and similarity >= 0.65)"
Q106997152,Acropolis of Elis,710989469,Agora of Elis,953,0.67,different (assistant review: acropolis vs agora)
Q107010633,Eileithyia sanctuary at Olympia,964672520,Epidamnian Treasury at Olympia,371,0.66,"same (auto: name equal within 5 km, or <= 500 m and similarity >= 0.65)"
Q107031180,Sanctuary of Aphrodite Ourania (Olympia),469444289,Sanctuary of Demeter Chamyne,628,0.57,different (assistant review: two different sanctuaries)
Q107031204,Sanctuary of Hades,710989469,Agora of Elis,131,0.52,different (assistant review: sanctuary vs agora)
Q70772447,Theatre of Hadrianopolis,530885,Hadrianopolis,12,0.7,"same (auto: name equal within 5 km, or <= 500 m and similarity >= 0.65)"
Q75296641,Zea shipshed,580136,Zea Limen,337,0.57,different (assistant review: shipshed vs harbour)
Q75764078,Corinthian Treasury,333036425,The Siphnian Treasury,75,0.7,"same (auto: name equal within 5 km, or <= 500 m and similarity >= 0.65)"
Q82073786,Nympheum in Butrint,404148110,Theater at Butrint,259,0.59,different (assistant review: nymphaeum vs theatre)
Q82074362,Temple of Asclepius - Butrint,439667643,Lion gate of Butrint,273,0.53,different (assistant review: temple vs gate)
Q96472300,Priest House of Apollo Zoster Sanctuary,579875,Temple of Apollo Zoster,144,0.61,different (assistant review: priest house vs temple)
Q101834062,Archaeological site of Corinth,958275306,Agora of Corinth,23,0.61,different (assistant review: whole site vs agora)
Q104460478,Agia Marina church,100638613,Agora Mint,450,0.5,different (auto: similarity < 0.55 and > 300 m apart)
Q105317807,Artemision,540667,Artemision,615,1.0,"same (auto: name equal within 5 km, or <= 500 m and similarity >= 0.65)"
Q105394616,Archaic Temple of Athena (Delphi),513711610,Temple of Athena Pronaia,1,0.68,"same (auto: name equal within 5 km, or <= 500 m and similarity >= 0.65)"
Q105394638,Sanctuary of Athena Pronaia,513711610,Temple of Athena Pronaia,55,0.75,"same (auto: name equal within 5 km, or <= 500 m and similarity >= 0.65)"
Q105394648,New temple of Athena,513711610,Temple of Athena Pronaia,63,0.73,"same (auto: name equal within 5 km, or <= 500 m and similarity >= 0.65)"
Q105394695,Doric treasury,333036425,The Siphnian Treasury,598,0.57,different (assistant review: two different treasuries)
Q105410185,Treasury of the Potidaians,579842268,Treasury of the Massaliots,622,0.73,different (assistant review: two different treasuries)
Q105780477,Ancient quarries of Karystos,163292061,Marble Quarries at Karystos,40,0.76,"same (auto: name equal within 5 km, or <= 500 m and similarity >= 0.65)"
Q106043834,Peparethos,541023,Peparethos,27,1.0,"same (auto: name equal within 5 km, or <= 500 m and similarity >= 0.65)"
Q110806886,Aretousas 2 & 10 Klepsydras,538107005,Klepsydra,176,0.5,different (assistant review: excavation plot vs Klepsydra)
Q107043413,Tropaion at Olympia,98504070,Metroon at Olympia,92,0.86,"same (auto: name equal within 5 km, or <= 500 m and similarity >= 0.65)"
Q108612630,Polyrrinia castle,590003,Polyrrenia,74,0.67,"same (auto: name equal within 5 km, or <= 500 m and similarity >= 0.65)"
Q108664839,Pelinnaion,541020,Pelinna(ion)?,338,0.95,"same (auto: name equal within 5 km, or <= 500 m and similarity >= 0.65)"
Q108665287,Acropolis of Gortyna,481346137,Roman Odeon of Gortyn,323,0.63,different (assistant review: acropolis vs odeon)
Q109519946,Bouleuterion of Sikyon,542568395,Theater of ancient Sicyon,225,0.55,different (assistant review: bouleuterion vs theatre)
Q109925524,Kamilari tholos tomb,589835,Kamilari,34,0.57,"different (default: kept separate, identity could not be determined; overwrite with your decision)"
Q110142166,"Tholos tomb 3, Thorikos",842459208,Double Stoa at Thorikos,841,0.65,different (assistant review: tomb vs stoa)
Q110142174,"Tholos tomb A, Thorikos",842459208,Double Stoa at Thorikos,811,0.7,different (assistant review: tomb vs stoa)
Q110302671,Lazarides excavation,884693054,Lazarides,20,0.62,same (assistant review: same excavation site)
Q110303460,Palaiokastro of Antikythera,560670,Palaiokastro,114,0.62,same (assistant review: same fortified site)
Q110806897,Gianni Koutsodimou 3,496995888,Makrygiannis domus,397,0.53,different (auto: similarity < 0.55 and > 300 m apart)
Q110806915,Monastiraki Square 2,710563473,South Square,378,0.56,different (assistant review: Athens excavation plot vs monument)
Q110806931,"Areos, at Library of Hadrian",728329644,Library of Hadrian at Athens,72,0.64,different (assistant review: Athens excavation plot vs monument)
Q110806940,"Adrianou 96, Diogenous & Erechtheos",649966334,Stoa of Zeus (Eleutherios),638,0.5,different (auto: similarity < 0.55 and > 300 m apart)
Q110806946,Panos 17,936968680,Pandroseion,169,0.53,different (assistant review: Athens excavation plot vs monument)
Q110806954,Iosif 8 ton Rogon,496542328,Gate at 8 Iosiph ton Rogon St/Gate XI,17,0.52,"different (default: kept separate, identity could not be determined; overwrite with your decision)"
Q110806956,Aristogeitonos 15,558659669,Hephaisteion,684,0.55,different (assistant review: Athens excavation plot vs monument)
Q110806959,Dionysiou Areopagitou 5,832198698,Odeion of Agrippa,925,0.5,different (auto: similarity < 0.55 and > 300 m apart)
Q110806965,Iosif ton Rogon 9,496542328,Gate at 8 Iosiph ton Rogon St/Gate XI,23,0.56,different (assistant review: Athens excavation plot vs monument)
Q110806970,Erechtheiou 41,750203268,Erechtheion,438,0.8,"same (auto: name equal within 5 km, or <= 500 m and similarity >= 0.65)"
Q110806971,Erechtheiou 46,750203268,Erechtheion,315,0.8,"same (auto: name equal within 5 km, or <= 500 m and similarity >= 0.65)"
Q110806983,Irakleidon 40,770861329,Aiakeion,516,0.67,different (assistant review: Athens excavation plot vs monument)
Q110806992,2A Xenofontos,759679649,Stoa of Attalos,919,0.5,different (auto: similarity < 0.55 and > 300 m apart)
Q110807002,Mitropoleos & Ypatias,638356144,Acropolis of Athens,545,0.55,different (assistant review: Athens excavation plot vs monument)
Q110807009,Avdi Square,710563473,South Square,946,0.61,different (assistant review: Athens excavation plot vs monument)
Q110807011,Tholou 9 & Klepsydras,538107005,Klepsydra,186,0.6,different (assistant review: Athens excavation plot vs monument)
Q110807012,Kerameikou 58 & 13 Marathonos,97294452,Kerameikos,399,0.51,different (auto: similarity < 0.55 and > 300 m apart)
Q110807015,Agias Eleousis 3,857558608,Agia Dynamis,635,0.5,different (auto: similarity < 0.55 and > 300 m apart)
Q110807016,Panos 16,936968680,Pandroseion,193,0.53,different (assistant review: Athens excavation plot vs monument)
Q110807027,Kallisperi 19 & Parthenonos,832255771,Older Parthenon,286,0.62,different (assistant review: Athens excavation plot vs monument)
Q110807028,Diogenous 24 & 2 Erechtheos,418714190,Pre-Erechtheion,307,0.52,different (auto: similarity < 0.55 and > 300 m apart)
Q110807026,Poikilis 6,143098101,Stoa Poikile,256,0.55,different (assistant review: Athens excavation plot vs monument)
Q110807030,Irakleidon 40,770861329,Aiakeion,517,0.67,different (assistant review: Athens excavation plot vs monument)
Q110807033,Athinas 33-35,579885,Athenae,836,0.5,different (auto: similarity < 0.55 and > 300 m apart)
Q110807042,Eleftherias Square 26,710563473,South Square,724,0.55,different (auto: similarity < 0.55 and > 300 m apart)
Q110807047,Mitropoleos 23 & 8 Patroou,240065109,Temple of Apollo Patroos,825,0.52,different (auto: similarity < 0.55 and > 300 m apart)
Q110807044,Agias Filotheis 12,807514119,Agora of Athens,665,0.55,different (auto: similarity < 0.55 and > 300 m apart)
Q110807103,Peiraios 78,230559831,Peiraic Gate,509,0.61,different (assistant review: Athens excavation plot vs monument)
Q110807069,Iosif ton Rogon 16-18 & 16 Lempesi,496542328,Gate at 8 Iosiph ton Rogon St/Gate XI,49,0.51,different (assistant review: Athens excavation plot vs monument)
Q110807074,Diomeias 1 & 20 Ermou,579912,Diomeia,992,0.5,different (auto: similarity < 0.55 and > 300 m apart)
Q110807123,Melidoni 4-6,973421832,Pompeion,113,0.5,different (assistant review: Athens excavation plot vs monument)
Q110807129,Monis Asteriou 3,87615187,Monopteros,820,0.54,different (auto: similarity < 0.55 and > 300 m apart)
Q110807134,Peiraios 85,230559831,Peiraic Gate,434,0.61,different (assistant review: Athens excavation plot vs monument)
Q110807140,Efestion 3,750203268,Erechtheion,983,0.57,different (assistant review: Athens excavation plot vs monument)
Q110807166,"Metro line, from Athinas to Diomeias",805065997,Bronze Athena/Athena Promachos,582,0.52,different (auto: similarity < 0.55 and > 300 m apart)
Q110807167,"Metro line, in front of Athinas",91288718,Tholos of Athens,422,0.55,different (assistant review: Athens excavation plot vs monument)
Q110807191,Spyrou Donta 1,730466010,South Stoa I,956,0.54,different (auto: similarity < 0.55 and > 300 m apart)
Q110807197,Square of the Unknown Soldier,613118646,Street to the Roman Agora,998,0.56,different (assistant review: Athens excavation plot vs monument)
Q110807203,Makrygianni 35,496995888,Makrygiannis domus,98,0.75,"same (auto: name equal within 5 km, or <= 500 m and similarity >= 0.65)"
Q110807204,Epameinonda 2-8,973421832,Pompeion,723,0.52,different (auto: similarity < 0.55 and > 300 m apart)
Q110807205,Epameinonda 10,973421832,Pompeion,688,0.55,different (auto: similarity < 0.55 and > 300 m apart)
Q110807206,Erechtheiou 49,750203268,Erechtheion,336,0.8,"same (auto: name equal within 5 km, or <= 500 m and similarity >= 0.65)"
Q110807211,Diogenous 8,736170760,Diogeneion,77,0.67,"same (auto: name equal within 5 km, or <= 500 m and similarity >= 0.65)"
Q110807216,Thrasyvoulou & 17 Panos,91288718,Tholos of Athens,384,0.51,different (auto: similarity < 0.55 and > 300 m apart)
Q110807213,Tholou 7 & 9 Klepsydras,538107005,Klepsydra,199,0.56,different (assistant review: Athens excavation plot vs monument)
Q110807244,Amfiktyonos 39,97294452,Kerameikos,473,0.5,different (auto: similarity < 0.55 and > 300 m apart)
Q110807247,Panos 18,936968680,Pandroseion,179,0.53,different (assistant review: Athens excavation plot vs monument)
Q110807252,20B Aktaiou,576630079,Bakcheion,576,0.5,different (auto: similarity < 0.55 and > 300 m apart)
Q110807258,Eleftherias Square 18-22,710563473,South Square,648,0.5,different (auto: similarity < 0.55 and > 300 m apart)
Q110807263,Makrygianni Square,496995888,Makrygiannis domus,164,0.72,"same (auto: name equal within 5 km, or <= 500 m and similarity >= 0.65)"
Q110807264,Square of the Unknown Soldier,613118646,Street to the Roman Agora,962,0.56,different (assistant review: Athens excavation plot vs monument)
Q110807275,Thrasyvoulou & Klepsydras,538107005,Klepsydra,214,0.53,different (assistant review: Athens excavation plot vs monument)
Q110807282,Diogenous 6,736170760,Diogeneion,70,0.67,"same (auto: name equal within 5 km, or <= 500 m and similarity >= 0.65)"
Q110807290,Kekropos 1,394382064,Kekropeion,455,0.7,"same (auto: name equal within 5 km, or <= 500 m and similarity >= 0.65)"
Q110807286,Tholou & 3 Thrasyvoulou,91288718,Tholos of Athens,513,0.51,different (auto: similarity < 0.55 and > 300 m apart)
Q110807291,Monastiraki Square 6,710563473,South Square,337,0.56,different (assistant review: Athens excavation plot vs monument)
Q110807295,Epameinonda 4,973421832,Pompeion,745,0.57,different (assistant review: Athens excavation plot vs monument)
Q110807296,Poikilis 2-4,143098101,Stoa Poikile,289,0.5,different (assistant review: Athens excavation plot vs monument)
Q110807303,Erechtheiou 18,750203268,Erechtheion,555,0.8,different (assistant review: Athens excavation plot vs monument)
Q110807304,Diogenous 18,736170760,Diogeneion,127,0.64,different (assistant review: Athens excavation plot vs monument)
Q110807401,"Propylaion 10, street",525587318,Prison of Sokrates,335,0.51,different (auto: similarity < 0.55 and > 300 m apart)
Q110807422,Giatrakou & 44 Kerameikou,97294452,Kerameikos,478,0.51,different (auto: similarity < 0.55 and > 300 m apart)
Q110807436,Erechtheiou 24-26,750203268,Erechtheion,514,0.71,different (assistant review: Athens excavation plot vs monument)
Q110807439,Efestion 11,750203268,Erechtheion,999,0.55,different (auto: similarity < 0.55 and > 300 m apart)
Q110807406,Panos & Pelopida,936968680,Pandroseion,291,0.52,different (assistant review: Athens excavation plot vs monument)
Q110807440,Agras 5,579846,Agrai,530,0.67,different (assistant review: Athens excavation plot vs monument)
Q110807446,Irakleidon 42,770861329,Aiakeion,526,0.67,different (assistant review: Athens excavation plot vs monument)
Q110807447,Irakleidon 40,770861329,Aiakeion,517,0.67,different (assistant review: Athens excavation plot vs monument)
Q110807448,Irakleidon 36,770861329,Aiakeion,497,0.67,"same (auto: name equal within 5 km, or <= 500 m and similarity >= 0.65)"
Q110807449,Irakleidon 32,770861329,Aiakeion,464,0.67,"same (auto: name equal within 5 km, or <= 500 m and similarity >= 0.65)"
Q110807450,Irakleidon 28,770861329,Aiakeion,441,0.67,"same (auto: name equal within 5 km, or <= 500 m and similarity >= 0.65)"
Q110807453,Irakleidon 24,770861329,Aiakeion,418,0.67,"same (auto: name equal within 5 km, or <= 500 m and similarity >= 0.65)"
Q110807455,Amfiktyonos 3,97294452,Kerameikos,209,0.52,different (assistant review: Athens excavation plot vs monument)
Q110807451,Irakleidon 20,770861329,Aiakeion,391,0.67,"same (auto: name equal within 5 km, or <= 500 m and similarity >= 0.65)"
Q110807452,Irakleidon 18,770861329,Aiakeion,366,0.67,"same (auto: name equal within 5 km, or <= 500 m and similarity >= 0.65)"
Q110807463,Erechtheos & Kyrristou,750203268,Erechtheion,296,0.55,different (assistant review: Athens excavation plot vs monument)
Q110807467,Erysichthonos 23,750203268,Erechtheion,982,0.59,different (assistant review: Athens excavation plot vs monument)
Q110807470,Thespidos 16,17374034,Theseion,240,0.6,different (assistant review: Athens excavation plot vs monument)
Q110807471,Patroou 6,936968680,Pandroseion,553,0.5,different (auto: similarity < 0.55 and > 300 m apart)
Q110807476,Erysichthonos 27,750203268,Erechtheion,976,0.59,different (assistant review: Athens excavation plot vs monument)
Q110807484,Thespidos 10-18,17374034,Theseion,255,0.52,different (assistant review: Athens excavation plot vs monument)
Q110807485,Epimenidou 1-3,585725955,Delphinion,370,0.5,different (auto: similarity < 0.55 and > 300 m apart)
Q110807488,"Kydathinaion, Kodrou to Sotiros",582862,Kydathenaion,889,0.51,different (auto: similarity < 0.55 and > 300 m apart)
Q110807489,Kydathinaion 35-41,582862,Kydathenaion,733,0.73,different (assistant review: Athens excavation plot vs monument)
Q110807490,Kydathinaion 20-22,582862,Kydathenaion,761,0.73,different (assistant review: Athens excavation plot vs monument)
Q110807492,Kydathinaion 18,582862,Kydathenaion,783,0.81,different (assistant review: Athens excavation plot vs monument)
Q110807531,Erechtheiou 31-35,750203268,Erechtheion,495,0.71,"same (auto: name equal within 5 km, or <= 500 m and similarity >= 0.65)"
Q110807524,Dipylou 3,310115518,Dipylon Gate,233,0.67,"same (auto: name equal within 5 km, or <= 500 m and similarity >= 0.65)"
Q110807533,29Α Erechtheiou,750203268,Erechtheion,520,0.8,different (assistant review: Athens excavation plot vs monument)
Q110807534,Erechtheiou 19,750203268,Erechtheion,571,0.8,different (assistant review: Athens excavation plot vs monument)
Q110807540,Promachou 6,367412638,Omega House,548,0.55,different (auto: similarity < 0.55 and > 300 m apart)
Q110807538,Erechtheiou 21-25,750203268,Erechtheion,552,0.71,different (assistant review: Athens excavation plot vs monument)
Q110807535,"Erechtheiou, from Rovertou Galli to Fratti",137478922,Gate at 25 Erechtheiou St./South Gate/Gate XIII,170,0.5,"different (default: kept separate, identity could not be determined; overwrite with your decision)"
Q110807508,Irakleidon 39,770861329,Aiakeion,626,0.67,different (assistant review: Athens excavation plot vs monument)
Q110807509,Vasilis 30,676120271,Basilica,555,0.56,different (assistant review: Athens excavation plot vs monument)
Q110807519,Agion Theodoron Square,710563473,South Square,817,0.59,different (assistant review: Athens excavation plot vs monument)
Q110807522,Cavallotti 18,870756929,Cave of Apollo,433,0.52,different (auto: similarity < 0.55 and > 300 m apart)
Q110807523,Irakleidon 50,770861329,Aiakeion,575,0.67,different (assistant review: Athens excavation plot vs monument)
Q110807554,Aristofanous 15,638356144,Acropolis of Athens,893,0.53,different (auto: similarity < 0.55 and > 300 m apart)
Q110807567,Ktena 1,579885,Athenae,765,0.57,different (assistant review: Athens excavation plot vs monument)
Q110807569,Eleftherias Square 25,710563473,South Square,712,0.55,different (auto: similarity < 0.55 and > 300 m apart)
Q110807585,Dipylou 5-9,310115518,Dipylon Gate,216,0.61,different (assistant review: Athens excavation plot vs monument)
Q110807595,Iosif ton Rogon 11 & Lempesi,496542328,Gate at 8 Iosiph ton Rogon St/Gate XI,25,0.55,different (assistant review: Athens excavation plot vs monument)
Q110807598,Athinas 30,579885,Athenae,903,0.59,different (assistant review: Athens excavation plot vs monument)
Q110807607,Aristeidou 8,558659669,Hephaisteion,897,0.58,different (assistant review: Athens excavation plot vs monument)
Q110807612,Avramiotou 4,100638613,Agora Mint,455,0.55,different (auto: similarity < 0.55 and > 300 m apart)
Q110807627,Irakleidon 66,770861329,Aiakeion,708,0.67,different (assistant review: Athens excavation plot vs monument)
Q110807637,Achaion 27,576630079,Bakcheion,877,0.63,different (assistant review: Athens excavation plot vs monument)
Q110807643,Aristeidou 5-7,558659669,Hephaisteion,860,0.54,different (auto: similarity < 0.55 and > 300 m apart)
Q110807646,Kerameikou 54 & 14 Marathonos,97294452,Kerameikos,402,0.51,different (auto: similarity < 0.55 and > 300 m apart)
Q110807671,Menandrou 7,675812635,Roman Double Stoa,526,0.5,different (auto: similarity < 0.55 and > 300 m apart)
Q110807681,Agisilaou 49,676120271,Basilica,689,0.5,different (auto: similarity < 0.55 and > 300 m apart)
Q110807683,Irakleidon 11-13,770861329,Aiakeion,438,0.58,different (assistant review: Athens excavation plot vs monument)
Q110807684,Parthenonos 19-25,168254096,Parthenon,457,0.69,"same (auto: name equal within 5 km, or <= 500 m and similarity >= 0.65)"
Q110807688,Kerameikou 55,97294452,Kerameikos,419,0.78,"same (auto: name equal within 5 km, or <= 500 m and similarity >= 0.65)"
Q110807697,Parthenonos 26-32,168254096,Parthenon,273,0.69,"same (auto: name equal within 5 km, or <= 500 m and similarity >= 0.65)"
Q110807700,Klafthmonos Square,710563473,South Square,912,0.6,different (assistant review: Athens excavation plot vs monument)
Q110807704,"Dragatsaniou 6, opposite",551863597,Gate at 4 Dragatsaniou St./Northeast Gate,5,0.53,"different (default: kept separate, identity could not be determined; overwrite with your decision)"
Q110807710,Kerameikou 47-49,97294452,Kerameikos,471,0.69,"same (auto: name equal within 5 km, or <= 500 m and similarity >= 0.65)"
Q110807714,Kerameikou 91,97294452,Kerameikos,286,0.78,"same (auto: name equal within 5 km, or <= 500 m and similarity >= 0.65)"
Q110807717,Dipylou 11,310115518,Dipylon Gate,199,0.64,different (assistant review: Athens excavation plot vs monument)
Q110807727,Erechtheiou 21-23,750203268,Erechtheion,560,0.71,different (assistant review: Athens excavation plot vs monument)
Q110807731,Erechtheiou 25,750203268,Erechtheion,547,0.8,different (assistant review: Athens excavation plot vs monument)
Q110807733,Parthenonos 12,168254096,Parthenon,473,0.78,"same (auto: name equal within 5 km, or <= 500 m and similarity >= 0.65)"
Q110807734,Iosif ton Rogon 4-14,496542328,Gate at 8 Iosiph ton Rogon St/Gate XI,17,0.56,"different (default: kept separate, identity could not be determined; overwrite with your decision)"
Q110807735,Erechtheiou 20,750203268,Erechtheion,542,0.8,different (assistant review: Athens excavation plot vs monument)
Q110807748,Mitsaion 19,770861329,Aiakeion,749,0.53,different (auto: similarity < 0.55 and > 300 m apart)
Q110807756,Erysichthonos 20-22,750203268,Erechtheion,999,0.53,different (auto: similarity < 0.55 and > 300 m apart)
Q110807761,Agisilaou 96,676120271,Basilica,768,0.5,different (auto: similarity < 0.55 and > 300 m apart)
Q110807762,Chairefontos 12,582870,Ardettos,955,0.52,different (auto: similarity < 0.55 and > 300 m apart)
Q110807812,Mitropoleos Square (Cathedral of Athens),638356144,Acropolis of Athens,515,0.55,different (assistant review: Athens excavation plot vs monument)
Q110807808,Filomousou Etaireias Square,710563473,South Square,771,0.56,different (assistant review: Athens excavation plot vs monument)
Q110807815,Kerameikou 97,97294452,Kerameikos,293,0.78,"same (auto: name equal within 5 km, or <= 500 m and similarity >= 0.65)"
Q110807792,Irakleidon 9,770861329,Aiakeion,424,0.7,"same (auto: name equal within 5 km, or <= 500 m and similarity >= 0.65)"
Q110807794,Irakleidon 22,770861329,Aiakeion,404,0.67,"same (auto: name equal within 5 km, or <= 500 m and similarity >= 0.65)"
Q110807821,Adrianou 5 & Thiseiou,936968680,Pandroseion,650,0.5,different (auto: similarity < 0.55 and > 300 m apart)
Q110807825,Amfiktyonos 4,97294452,Kerameikos,195,0.52,different (assistant review: Athens excavation plot vs monument)
Q110807819,Kerameikou 121,97294452,Kerameikos,323,0.75,"same (auto: name equal within 5 km, or <= 500 m and similarity >= 0.65)"
Q110807834,Cavallotti 9,870756929,Cave of Apollo,481,0.54,different (auto: similarity < 0.55 and > 300 m apart)
Q110807836,Agion Asomaton Square,710563473,South Square,405,0.61,different (assistant review: Athens excavation plot vs monument)
Q110807841,Koilis 5-9,579980,Koile,835,0.53,different (auto: similarity < 0.55 and > 300 m apart)
Q110807880,Erechtheiou 28,750203268,Erechtheion,496,0.8,"same (auto: name equal within 5 km, or <= 500 m and similarity >= 0.65)"
Q110807901,Irakleidon 15-17,770861329,Aiakeion,455,0.58,different (assistant review: Athens excavation plot vs monument)
Q110807906,Irakleidon 21-23,770861329,Aiakeion,506,0.58,different (assistant review: Athens excavation plot vs monument)
Q110807914,Parthenonos 14-16,168254096,Parthenon,453,0.69,"same (auto: name equal within 5 km, or <= 500 m and similarity >= 0.65)"
Q110807917,Iosif 6 ton Rogon,496542328,Gate at 8 Iosiph ton Rogon St/Gate XI,25,0.52,different (assistant review: Athens excavation plot vs monument)
Q110807928,Cavallotti 27,870756929,Cave of Apollo,460,0.52,different (auto: similarity < 0.55 and > 300 m apart)
Q110807939,Peiraios 61-63,230559831,Peiraic Gate,581,0.54,different (auto: similarity < 0.55 and > 300 m apart)
Q110807941,"Voulis, in front of Petraki",44151680,Odeion of Perikles,670,0.53,different (auto: similarity < 0.55 and > 300 m apart)
Q110807953,Eleftherias Square 7,710563473,South Square,685,0.56,different (assistant review: Athens excavation plot vs monument)
Q110807960,Protogenous 13,168254096,Parthenon,724,0.52,different (auto: similarity < 0.55 and > 300 m apart)
Q110807962,Theatrou Square 6-8,710563473,South Square,700,0.58,different (assistant review: Athens excavation plot vs monument)
Q110807963,Parthenonos 35 & 2 Promachou,805065997,Bronze Athena/Athena Promachos,377,0.52,different (auto: similarity < 0.55 and > 300 m apart)
Q110808001,Kerameikou 101-103,97294452,Kerameikos,298,0.64,different (assistant review: Athens excavation plot vs monument)
Q110808003,Agias Theklas 3,807514119,Agora of Athens,278,0.53,different (assistant review: Athens excavation plot vs monument)
Q110808004,Makrygianni 23-27 & 12 Porinou,496995888,Makrygiannis domus,43,0.58,"different (default: kept separate, identity could not be determined; overwrite with your decision)"
Q110808007,Astingos 21,337294882,East Building,335,0.5,different (auto: similarity < 0.55 and > 300 m apart)
Q110808012,Margariti 5,579846,Agrai,976,0.5,different (auto: similarity < 0.55 and > 300 m apart)
Q110808013,8Α Dipylou,310115518,Dipylon Gate,179,0.57,different (assistant review: Athens excavation plot vs monument)
Q110807994,Irakleidon 73,770861329,Aiakeion,946,0.67,different (assistant review: Athens excavation plot vs monument)
Q110807996,Kerameikou 94,97294452,Kerameikos,310,0.78,"same (auto: name equal within 5 km, or <= 500 m and similarity >= 0.65)"
Q110807998,Makrygianni 19-21,496995888,Makrygiannis domus,47,0.69,"same (auto: name equal within 5 km, or <= 500 m and similarity >= 0.65)"
Q110807999,Kerameikou 99,97294452,Kerameikos,278,0.78,"same (auto: name equal within 5 km, or <= 500 m and similarity >= 0.65)"
Q110808026,"Vourvachi, 17-19 Iosif ton Rogon & 12 Kallirrois",496542328,Gate at 8 Iosiph ton Rogon St/Gate XI,77,0.52,different (assistant review: Athens excavation plot vs monument)
Q110808030,Kekropos 7-9,394382064,Kekropeion,402,0.64,different (assistant review: Athens excavation plot vs monument)
Q110808038,Erechtheiou 22,750203268,Erechtheion,535,0.8,different (assistant review: Athens excavation plot vs monument)
Q110808039,Erechtheiou 24-26,750203268,Erechtheion,518,0.71,different (assistant review: Athens excavation plot vs monument)
Q110808040,"Erechtheiou, from Rovertou Galli to Fratti",137478922,Gate at 25 Erechtheiou St./South Gate/Gate XIII,169,0.5,"different (default: kept separate, identity could not be determined; overwrite with your decision)"
Q110808041,Dimofontos 5,87615187,Monopteros,744,0.55,different (auto: similarity < 0.55 and > 300 m apart)
Q110808051,Peiraios 86,230559831,Peiraic Gate,459,0.61,different (assistant review: Athens excavation plot vs monument)
Q110808055,Agisilaou 60 & Marathonos,807514119,Agora of Athens,685,0.5,different (auto: similarity < 0.55 and > 300 m apart)
Q110808057,Amfiktyonos 17,97294452,Kerameikos,290,0.5,different (assistant review: Athens excavation plot vs monument)
Q110808065,Agion Theodoron Square,710563473,South Square,833,0.59,different (assistant review: Athens excavation plot vs monument)
Q110808070,Thermopylon & Peiraios,240065109,Temple of Apollo Patroos,575,0.52,different (auto: similarity < 0.55 and > 300 m apart)
Q110808063,Erysichthonos 29,750203268,Erechtheion,981,0.59,different (assistant review: Athens excavation plot vs monument)
Q110808072,Kallisperi & Parthenonos,832255771,Older Parthenon,270,0.67,"same (auto: name equal within 5 km, or <= 500 m and similarity >= 0.65)"
Q110808073,Kydantidon 39,582862,Kydathenaion,780,0.64,different (assistant review: Athens excavation plot vs monument)
Q110808078,Eleftherias Square 2,710563473,South Square,759,0.56,different (assistant review: Athens excavation plot vs monument)
Q110808079,Panathenaic Stadium Square,433457819,Panathenaic Stadium,179,0.84,"same (auto: name equal within 5 km, or <= 500 m and similarity >= 0.65)"
Q110808087,"Fokianou, from Agras to Panathenaic Stadium Square",433457819,Panathenaic Stadium,181,0.55,different (assistant review: Athens excavation plot vs monument)
Q110808095,Promachou 5,367412638,Omega House,570,0.55,different (auto: similarity < 0.55 and > 300 m apart)
Q110808106,"Lempesi, from Makrygianni to Porinou",496995888,Makrygiannis domus,56,0.52,"different (default: kept separate, identity could not be determined; overwrite with your decision)"
Q110808108,Adrianou 84 & Mnisikleous,496995888,Makrygiannis domus,722,0.51,different (auto: similarity < 0.55 and > 300 m apart)
Q110808111,Kerameikou & Myllerou,97294452,Kerameikos,433,0.58,different (assistant review: Athens excavation plot vs monument)
Q110808118,"Erechtheiou, 15 Rovertou Galli & 4 Fratti",137478922,Gate at 25 Erechtheiou St./South Gate/Gate XIII,162,0.51,"different (default: kept separate, identity could not be determined; overwrite with your decision)"
Q110808119,"Cavallotti, from Erechtheiou to Propylaion",137478922,Gate at 25 Erechtheiou St./South Gate/Gate XIII,82,0.5,"different (default: kept separate, identity could not be determined; overwrite with your decision)"
Q110808123,Eleftherias Square 23-27,710563473,South Square,724,0.5,different (auto: similarity < 0.55 and > 300 m apart)
Q110808120,Iosif 15 ton Rogon,496542328,Gate at 8 Iosiph ton Rogon St/Gate XI,59,0.51,different (assistant review: Athens excavation plot vs monument)
Q110808154,Athinas 11 & Themidos,658982769,Sanctuary of Themis,707,0.55,different (assistant review: Athens excavation plot vs monument)
Q110808155,Erechtheiou 9-11,750203268,Erechtheion,625,0.74,different (assistant review: Athens excavation plot vs monument)
Q110808158,Amfiktyonos 8,97294452,Kerameikos,219,0.52,different (assistant review: Athens excavation plot vs monument)
Q110808159,Amfiktyonos 14,97294452,Kerameikos,275,0.5,different (assistant review: Athens excavation plot vs monument)
Q110808161,Filellinon 17,585725955,Delphinion,579,0.52,different (auto: similarity < 0.55 and > 300 m apart)
Q110808162,Mitropoleos 5 & Nikis,638356144,Acropolis of Athens,712,0.5,different (auto: similarity < 0.55 and > 300 m apart)
Q110808166,Thiseos 11,17374034,Theseion,479,0.56,different (assistant review: Athens excavation plot vs monument)
Q110808169,Anapafseos 4 & Ardittou,925585578,Sanctuary of Eros and Aphrodite,831,0.52,different (auto: similarity < 0.55 and > 300 m apart)
Q110808171,Mitsaion 10,770861329,Aiakeion,807,0.53,different (auto: similarity < 0.55 and > 300 m apart)
Q110808179,Agias Eleousis & 5 Protogenous,650003009,City Eleusinion at Athens,549,0.51,different (auto: similarity < 0.55 and > 300 m apart)
Q110808180,Mitropoleos 25 & 10 Patroou,240065109,Temple of Apollo Patroos,813,0.51,different (auto: similarity < 0.55 and > 300 m apart)
Q110808181,Erechtheiou 22-44,750203268,Erechtheion,420,0.71,"same (auto: name equal within 5 km, or <= 500 m and similarity >= 0.65)"
Q110808182,Erechtheiou 22,750203268,Erechtheion,531,0.8,different (assistant review: Athens excavation plot vs monument)
Q110808193,Erechtheiou 15,750203268,Erechtheion,608,0.8,different (assistant review: Athens excavation plot vs monument)
Q110808198,Irakleidon 32,770861329,Aiakeion,463,0.67,"same (auto: name equal within 5 km, or <= 500 m and similarity >= 0.65)"
Q110808200,Cavallotti 23,870756929,Cave of Apollo,447,0.52,different (auto: similarity < 0.55 and > 300 m apart)
Q110808201,Erechtheiou 33,750203268,Erechtheion,499,0.8,"same (auto: name equal within 5 km, or <= 500 m and similarity >= 0.65)"
Q110808215,Kerameikou 97 & Plataion,97294452,Kerameikos,283,0.53,different (assistant review: Athens excavation plot vs monument)
Q110808218,Eleftherias Square 23-24,710563473,South Square,695,0.5,different (auto: similarity < 0.55 and > 300 m apart)
Q110808222,Menandrou 9,675812635,Roman Double Stoa,533,0.5,different (auto: similarity < 0.55 and > 300 m apart)
Q110808239,Athinas 43-45,579885,Athenae,914,0.5,different (auto: similarity < 0.55 and > 300 m apart)
Q110808236,Eleftherias Square 3,710563473,South Square,752,0.56,different (assistant review: Athens excavation plot vs monument)
Q110808242,Agiou Dimitriou 20,100638613,Agora Mint,624,0.5,different (auto: similarity < 0.55 and > 300 m apart)
Q110808246,Peiraios 105,230559831,Peiraic Gate,291,0.58,different (assistant review: Athens excavation plot vs monument)
Q110808249,Astingos & Thiseiou,649966334,Stoa of Zeus (Eleutherios),139,0.5,different (assistant review: Athens excavation plot vs monument)
Q110808255,Athinas 43-45,579885,Athenae,907,0.5,different (auto: similarity < 0.55 and > 300 m apart)
Q110808279,Ardittou 8-10,582870,Ardettos,611,0.57,different (assistant review: Athens excavation plot vs monument)
Q110808292,Afroditis & Chairefontos,638356144,Acropolis of Athens,414,0.51,different (auto: similarity < 0.55 and > 300 m apart)
Q110808301,Thiseiou 7-9,17374034,Theseion,646,0.6,different (assistant review: Athens excavation plot vs monument)
Q110808305,Aristeidou 6,558659669,Hephaisteion,911,0.58,different (assistant review: Athens excavation plot vs monument)
Q110808308,Kallisperi 17 & 30 Parthenonos,832255771,Older Parthenon,283,0.58,different (assistant review: Athens excavation plot vs monument)
Q110808324,Makri 1-3,342066276,Makri St. peristyle,70,0.5,"different (default: kept separate, identity could not be determined; overwrite with your decision)"
Q110808325,Aristeidou 9,558659669,Hephaisteion,902,0.58,different (assistant review: Athens excavation plot vs monument)
Q110808336,Tziraion 4,770861329,Aiakeion,939,0.56,different (assistant review: Athens excavation plot vs monument)
Q110808359,Iosif 3 ton Rogon,496542328,Gate at 8 Iosiph ton Rogon St/Gate XI,37,0.52,different (assistant review: Athens excavation plot vs monument)
Q110808362,Amfiktyonos 6,97294452,Kerameikos,206,0.52,different (assistant review: Athens excavation plot vs monument)
Q110808367,Agias Aikaterinis Square,710563473,South Square,769,0.5,different (auto: similarity < 0.55 and > 300 m apart)
Q110808368,Koilis 3,579980,Koile,835,0.62,different (assistant review: Athens excavation plot vs monument)
Q110808386,Peiraios 82 & Salaminos,582559069,Library of Pantainos,832,0.51,different (auto: similarity < 0.55 and > 300 m apart)
Q110808398,Klafthmonos Square,710563473,South Square,949,0.6,different (assistant review: Athens excavation plot vs monument)
Q110808425,Astingos 11,337294882,East Building,290,0.5,different (assistant review: Athens excavation plot vs monument)
Q110808427,Epameinonda 8,973421832,Pompeion,702,0.57,different (assistant review: Athens excavation plot vs monument)
Q110808429,Taxiarchon 2,770861329,Aiakeion,323,0.5,different (auto: similarity < 0.55 and > 300 m apart)
Q110808433,South of the Olympieion,144293713,Gate north of the Olympieion/Gate IX,224,0.71,"same (auto: name equal within 5 km, or <= 500 m and similarity >= 0.65)"
Q110808408,Lysikratous Square,710563473,South Square,703,0.67,different (assistant review: Athens excavation plot vs monument)
Q110808419,Erechtheiou 53,750203268,Erechtheion,316,0.8,"same (auto: name equal within 5 km, or <= 500 m and similarity >= 0.65)"
Q110808465,Prytaneiou 5,815693600,Pythion,657,0.53,different (auto: similarity < 0.55 and > 300 m apart)
Q110808457,Vakchou 4,576630079,Bakcheion,739,0.56,different (assistant review: Athens excavation plot vs monument)
Q110808466,Prytaneiou 9,815693600,Pythion,679,0.53,different (auto: similarity < 0.55 and > 300 m apart)
Q110808469,Prytaneiou 19,815693600,Pythion,746,0.5,different (auto: similarity < 0.55 and > 300 m apart)
Q110808491,Psaromiligou 3,585794923,Poros Building,675,0.5,different (auto: similarity < 0.55 and > 300 m apart)
Q110808486,Chairefontos 16,582870,Ardettos,975,0.52,different (auto: similarity < 0.55 and > 300 m apart)
Q110833611,Zeus Meilichios sanctuary,486617494,Skyphoi sanctuary,927,0.57,different (assistant review: two different sanctuaries)
Q111381320,Tyros kastro,570759,Tyros,65,0.59,"different (default: kept separate, identity could not be determined; overwrite with your decision)"
Q111427783,Aphrodision of Argos,567146275,Ancient Theater of Argos,163,0.55,different (assistant review: sanctuary vs theatre)
Q111493784,Hephaesteion,558659669,Hephaisteion,23,0.92,"same (auto: name equal within 5 km, or <= 500 m and similarity >= 0.65)"
Q111665977,Anakeion (Epidauros),570127,Sanctuary of Asklepios at Epidauros,153,0.67,"same (auto: name equal within 5 km, or <= 500 m and similarity >= 0.65)"
Q111676177,Treasury of the Aeolians,579842268,Treasury of the Massaliots,588,0.8,different (assistant review: two different treasuries)
Q111678262,"Temple of Aphrodite, Epidaurus",695542935,Stadium at Epidaurus,715,0.6,different (assistant review: temple vs stadium)
Q116332640,"Semnai Theai sanctuary, Athens",658982769,Sanctuary of Themis,260,0.61,different (assistant review: two different sanctuaries)
Q117309157,Roman villa of Messene,457626875,Agora of Messene,273,0.68,"same (auto: name equal within 5 km, or <= 500 m and similarity >= 0.65)"
Q117884622,Ancient Toroni,501646,Torone,321,0.5,different (auto: similarity < 0.55 and > 300 m apart)
Q123501155,Hermai,570291,Hermai,1909,1.0,"same (auto: name equal within 5 km, or <= 500 m and similarity >= 0.65)"
Q123824665,Pylos (Messenia),570640,Pylos/Koryphasion,807,0.5,different (auto: similarity < 0.55 and > 300 m apart)
Q112744023,Ancient Amarynthos,579859,Amarynthos,23,0.71,"same (auto: name equal within 5 km, or <= 500 m and similarity >= 0.65)"
Q113130808,Roman Baths of Isthmia,513030903,Graeco-Roman theater at Isthmia,95,0.64,different (assistant review: baths vs theatre)
Q113532104,Artemis Epikrateia sanctuary,459238841,"Temple of ""Artemis Epikrateia""",13,0.63,"different (default: kept separate, identity could not be determined; overwrite with your decision)"
Q113750388,Kastri of Alyzia,530926,Kastri (Xiromero),81,0.5,"different (default: kept separate, identity could not be determined; overwrite with your decision)"
Q124616354,Sanctuary of Asklepios at Epidauros Limera,570127,Sanctuary of Asklepios at Epidauros,199,0.91,"same (auto: name equal within 5 km, or <= 500 m and similarity >= 0.65)"
Q124616407,Temple of Zeus Olympios at Corinth,570500582,Temple of Apollo at Corinth,504,0.79,different (assistant review: two different temples)
Q124616431,Sanctuary of Apollo Maleates at Sparta,219059935,Tomb of Orestes (Sparta),0,0.59,different (assistant review: sanctuary vs tomb)
Q124616445,Sanctuary of Olympian Zeus at Sparta,757663383,Roman theater at Sparta,15,0.58,different (assistant review: sanctuary vs theatre)
Q124616457,Sanctuary of Hilaeira and Phoibe (Leukippides) in Sparta,306258361,Sanctuary of Achilles (Laconia),0,0.53,different (assistant review: two different sanctuaries)
Q115436433,Castle of Gradetsiou,530882,Gradetsi,520,0.57,"different (default: kept separate, identity could not be determined; overwrite with your decision)"
Q115768239,Temple of Aphrodite (Dodona),618644371,Bouleuterion at Dodona,41,0.53,different (assistant review: temple vs bouleuterion)
Q115768645,Epidoteion of Epidaurus,695542935,Stadium at Epidaurus,267,0.56,different (assistant review: sanctuary vs stadium)
Q116312064,Demosion Sema,982727687,House of Simon the Shoemaker,897,0.54,different (auto: similarity < 0.55 and > 300 m apart)
Q124616483,Sanctuary of Artemis at Alagonia,570120,Sanctuary of Artemis Limnatis in the Taygetos,862,0.7,different (assistant review: two different Artemis sanctuaries)
Q124616520,Temple of Ares in Geronthrai,570263,Geronthrai,219,0.53,different (assistant review: temple vs the town)
Q124616549,Acropolis of Epidauros Limera,570229,Epidauros Limera,47,0.71,"same (auto: name equal within 5 km, or <= 500 m and similarity >= 0.65)"
Q124616555,Heroon of Aulon the Arcadian at Sparta,757663383,Roman theater at Sparta,808,0.66,different (assistant review: heroon vs theatre)
Q124616547,Acropolis of Geronthrai,570263,Geronthrai,219,0.61,different (assistant review: acropolis vs whole town)
Q124616563,Heroon of Kyniska at Sparta,757663383,Roman theater at Sparta,451,0.52,different (auto: similarity < 0.55 and > 300 m apart)
Q124616587,Sanctuary of the Fates near agora of Sparta,219059935,Tomb of Orestes (Sparta),0,0.52,different (assistant review: sanctuary vs tomb)
Q124616591,Sanctuary of Apollo in agora of Sparta,306258361,Sanctuary of Achilles (Laconia),949,0.56,different (assistant review: two different sanctuaries)
Q124616594,Sanctuary of Hera at agora of Sparta,894656845,Sanctuary of Athena Chalkioikos,318,0.63,different (assistant review: two different sanctuaries)
Q124644552,Altar to the children of Theseus at Phaleron,397011004,Temple of Athena Skiras at Phaleron,22,0.58,different (assistant review: altar vs temple)
Q124644601,"temple of Triptolemos, Eleusis",720770008,"""Mithraeum"" at Eleusis",543,0.55,different (auto: similarity < 0.55 and > 300 m apart)
Q124828445,Theater of Phthiotic Thebes,541137,Thebai Phthiotides,448,0.67,"same (auto: name equal within 5 km, or <= 500 m and similarity >= 0.65)"
Q125389464,Polyandrion of Ambracia,530794,Ambracia,604,0.52,different (auto: similarity < 0.55 and > 300 m apart)
Q125925203,Sanctuary of Pythian Apollo at Delphi,464482219,Temple of Apollo at Delphi,35,0.67,"same (auto: name equal within 5 km, or <= 500 m and similarity >= 0.65)"
Q130582881,"Temple of Athena, Mycenae",780715578,Grave Circle A at Mycenae,152,0.6,different (assistant review: temple vs grave circle)
Q130583094,Petsas House at Mycenae,448885234,Lion Gate at Mycenae,183,0.6,different (assistant review: house vs gate)
Q133820855,Church of Megali Panagia,235795850,Arch of Hadrian at Athens,739,0.53,different (auto: similarity < 0.55 and > 300 m apart)
Q133963408,Acropolis of Pallantion,570548,Pallantion,253,0.61,different (assistant review: acropolis vs whole town)
Q133963410,Pheneos acropolis,570595,Pheneos,136,0.58,different (assistant review: acropolis vs whole town)
Q133963415,Acropolis of Troizen,570756,Troizen,22,0.52,different (assistant review: acropolis vs whole town)
Q133963416,Acropolis of Epidaurus,570228,Epidauros,6,0.52,different (assistant review: acropolis vs whole town)
Q133963418,Acropolis of Phlious,570602,Phleious,293,0.5,different (assistant review: acropolis vs whole town)
Q133963419,Acropolis of Sicyon,807215246,Ancient Stadium of Sikyon,463,0.59,different (assistant review: acropolis vs stadium)
Q133969619,Agora in the Cadmeia of Thebes,492759698,Electran Gate (Thebes),428,0.55,different (auto: similarity < 0.55 and > 300 m apart)
Q133998036,Sanctuary of Olympian Zeus in Athens,659771158,"Temple of Olympian Zeus, Athens",76,0.78,"same (auto: name equal within 5 km, or <= 500 m and similarity >= 0.65)"
Q134036761,Gaion / Gaeum in Olympia,728329643,Gymnasium at Olympia,223,0.64,different (assistant review: sanctuary vs gymnasium)
Q134036768,Sanctuary of Sosipolis at Olympia,316294900,Temple of Zeus at Olympia,7,0.59,different (assistant review: sanctuary vs temple of Zeus)
Q134036868,Hierothesion at Messene,596063692,Theatre of Messene,53,0.63,different (assistant review: hierothesion vs theatre)
Q134036873,Sanctuary of Sarapis and Isis near theater of Messene,287975074,Sanctuary of Artemis Limnatis at Messene,960,0.62,different (assistant review: two different sanctuaries)
Q134036877,Sanctuary of Aphrodite in Messene,287975074,Sanctuary of Artemis Limnatis at Messene,960,0.77,different (assistant review: two different sanctuaries)
Q134036882,Sanctuary of Demeter in Messene,287975074,Sanctuary of Artemis Limnatis at Messene,960,0.7,different (assistant review: two different sanctuaries)
Q134036886,Sanctuary of Poseidon in Messene,287975074,Sanctuary of Artemis Limnatis at Messene,960,0.69,different (assistant review: two different sanctuaries)
Q134036916,"Sanctuary of Pan above Despoina sanctuary, Lykosoura",29727643,Sanctuary of Despoina at Lykosoura,0,0.79,"same (auto: name equal within 5 km, or <= 500 m and similarity >= 0.65)"
Q134036921,Sanctuary of Athena at Lykosoura,29727643,Sanctuary of Despoina at Lykosoura,0,0.88,"same (auto: name equal within 5 km, or <= 500 m and similarity >= 0.65)"
Q134036995,Sanctuary of Kore at Megalopolis,570467,Megalopolis,223,0.51,different (assistant review: sanctuary vs the city)
Q134037060,Sanctuary of the Eumenides at Keryneia,814820460,Hellenistic Funerary Monument (Keryneia),122,0.55,different (assistant review: sanctuary vs funerary monument)
Q134037113,"Sanctuary of Aphrodite at Orchomenos, Arkadia",570535,Orchomenos (Arcadia),1,0.56,different (assistant review: sanctuary vs the town)
Q134037142,Sanctuary of Zeus at Aigeira,686869856,Theater of Aigeira,12,0.61,different (assistant review: sanctuary vs theatre)
Q134037146,Sanctuary of Apollo at Aigeira,686869856,Theater of Aigeira,12,0.58,different (assistant review: sanctuary vs theatre)
Q134037154,Sanctuary of Ourania at Aigeira,686869856,Theater of Aigeira,12,0.57,different (assistant review: sanctuary vs theatre)
Q134037222,Two sanctuaries of Dionysos at Tegea,953624202,Theater of Tegea,35,0.5,different (assistant review: sanctuaries vs theatre)
Q134037251,Sanctuary of Artemis Stymphalia at Stymphalos,958299306,Theater at Stymphalos,348,0.52,different (auto: similarity < 0.55 and > 300 m apart)
Q134037357,Sanctuary of Hera at Sicyon,271533805,Sanctuary of Dionysus (Sicyon),95,0.75,"same (auto: name equal within 5 km, or <= 500 m and similarity >= 0.65)"
Q134037361,Sanctuary of Artemis Pheraia at Sicyon,271533805,Sanctuary of Dionysus (Sicyon),95,0.69,"same (auto: name equal within 5 km, or <= 500 m and similarity >= 0.65)"
Q134037365,Sanctuary of Demeter in plain below Sicyon,271533805,Sanctuary of Dionysus (Sicyon),95,0.62,different (assistant review: two different sanctuaries)
Q134037370,Sanctuary of Demeter Prostasia and Kore near  Sicyon to Phlious road,271533805,Sanctuary of Dionysus (Sicyon),95,0.52,different (assistant review: two different sanctuaries)
Q134037375,Sanctuary of Herakles at Sicyon,271533805,Sanctuary of Dionysus (Sicyon),95,0.73,"same (auto: name equal within 5 km, or <= 500 m and similarity >= 0.65)"
Q134037379,sanctuary of Dioscuroi at Sicyon,271533805,Sanctuary of Dionysus (Sicyon),95,0.85,"same (auto: name equal within 5 km, or <= 500 m and similarity >= 0.65)"
Q134037387,Sanctuary of Tyche Akraia at Sicyon Acropolis,271533805,Sanctuary of Dionysus (Sicyon),95,0.59,different (assistant review: two different sanctuaries)
Q134037391,Sanctuary of Peitho at Sicyon,271533805,Sanctuary of Dionysus (Sicyon),95,0.79,"same (auto: name equal within 5 km, or <= 500 m and similarity >= 0.65)"
Q134037399,Sanctuary of Asklepios at Sicyon,271533805,Sanctuary of Dionysus (Sicyon),95,0.79,"same (auto: name equal within 5 km, or <= 500 m and similarity >= 0.65)"
Q134037404,Sanctuary of Aphrodite at Sicyon,271533805,Sanctuary of Dionysus (Sicyon),95,0.75,"same (auto: name equal within 5 km, or <= 500 m and similarity >= 0.65)"
Q134037408,"Sanctuary of Athena in Aigialea acropolis, Sicyon",271533805,Sanctuary of Dionysus (Sicyon),95,0.59,different (assistant review: two different sanctuaries)
Q134037412,Sanctuary of Artemis and Apollo at Sicyon,271533805,Sanctuary of Dionysus (Sicyon),95,0.66,"same (auto: name equal within 5 km, or <= 500 m and similarity >= 0.65)"
Q134037416,Sanctuary of Apollo Lykios at Sicyon,271533805,Sanctuary of Dionysus (Sicyon),95,0.74,"same (auto: name equal within 5 km, or <= 500 m and similarity >= 0.65)"
Q134037425,Sanctuary of Kephisos in Argos,84693646,Ancient Agora of Argos,344,0.58,different (assistant review: sanctuary vs agora)
Q134037428,Sanctuary of Eileithyia at Argos,84693646,Ancient Agora of Argos,233,0.56,different (assistant review: sanctuary vs agora)
Q134037441,Sanctuary of the Horae in Argos,567146275,Ancient Theater of Argos,23,0.58,different (assistant review: sanctuary vs theatre)
Q134037445,Sanctuary of Hera Akraia  in Argos,84693646,Ancient Agora of Argos,233,0.55,different (assistant review: sanctuary vs agora)
Q134037449,Sanctuary of Demeter Mysia in Argos,84693646,Ancient Agora of Argos,233,0.53,different (assistant review: sanctuary vs agora)
Q134037453,Sanctuary of Demeter in Argos,84693646,Ancient Agora of Argos,233,0.59,different (assistant review: sanctuary vs agora)
Q134037465,Sanctuary of Nemean Zeus at Argos,84693646,Ancient Agora of Argos,233,0.55,different (assistant review: sanctuary vs agora)
Q134037470,Sactuary of Zeus Soter in Argos,84693646,Ancient Agora of Argos,233,0.53,different (assistant review: sanctuary vs agora)
Q134037474,Sanctuary of Baton in Argos,84693646,Ancient Agora of Argos,233,0.61,different (assistant review: sanctuary vs agora)
Q134037479,"Sanctuary of Athena Salpinx, Argos",84693646,Ancient Agora of Argos,26,0.54,different (assistant review: sanctuary vs agora)
Q134037543,Sanctuary of Apollo at Lebadeia,690059595,Fifth century baths at Lebadeia,928,0.61,different (assistant review: sanctuary vs baths)
Q134037571,Sanctuary of Hera in Corinth,766723266,Forum of Roman Corinth,108,0.64,different (assistant review: sanctuary vs forum)
Q134037576,Sanctuary of Hera Bounaea in Corinth,766723266,Forum of Roman Corinth,108,0.55,different (assistant review: sanctuary vs forum)
Q134037585,Sanctuary of Anagke and Bia in Corinth,766723266,Forum of Roman Corinth,108,0.5,different (assistant review: sanctuary vs forum)
Q134037589,Sanctuary of Capitoline Zeus in Corinth,570500582,Temple of Apollo at Corinth,113,0.55,different (assistant review: two different temples)
Q134037594,Sanctuary of Poseidon at Lechaion,364712046,Harbor at Lechaion,116,0.59,different (assistant review: sanctuary vs harbour)
Q134037607,Sanctuary of Hera below agora of Korôneia,688532642,Tower of Koronia,390,0.53,different (auto: similarity < 0.55 and > 300 m apart)
Q134037653,"Sanctuary of Aphrodite at Epidauros, Asklepieion",570127,Sanctuary of Asklepios at Epidauros,159,0.7,"same (auto: name equal within 5 km, or <= 500 m and similarity >= 0.65)"
Q134037658,"Sanctuary of Themis in Epidauros, Asklepieon",570127,Sanctuary of Asklepios at Epidauros,159,0.68,"same (auto: name equal within 5 km, or <= 500 m and similarity >= 0.65)"
Q134037792,sanctuary of Artemis Eukleia in Thebes,116141527,"Sanctuary of Apollo Ismenios, Thebes",501,0.65,different (assistant review: two different sanctuaries)
Q134038262,"Dionysos Melpomenos, sanctuary, Athens",705446488,Little Metropolis church (Athens),833,0.54,different (auto: similarity < 0.55 and > 300 m apart)
Q134038306,"Ge Kourotrophos, sanctuary, Athens",705446488,Little Metropolis church (Athens),532,0.61,different (assistant review: sanctuary vs church)
Q134038322,"All the Gods sanctuary, Athens",658982769,Sanctuary of Themis,337,0.61,different (assistant review: two different sanctuaries)
Q134038345,Sanctuary of Sarapis in lower city of Athens,954340915,Sanctuary of Asklepios at Athens,364,0.68,"same (auto: name equal within 5 km, or <= 500 m and similarity >= 0.65)"
Q134040007,Issorion Artemis shrine (Sparta),757663383,Roman theater at Sparta,825,0.52,different (auto: similarity < 0.55 and > 300 m apart)
Q134037808,Sanctuary of Demeter Thesmophoros in Thebes,116141527,"Sanctuary of Apollo Ismenios, Thebes",501,0.63,different (assistant review: two different sanctuaries)
Q134037823,sanctuary of Lysian Dionysos in Thebes,116141527,"Sanctuary of Apollo Ismenios, Thebes",501,0.7,different (assistant review: two different sanctuaries)
Q134037839,Sanctuary of Tyche in Thebes,116141527,"Sanctuary of Apollo Ismenios, Thebes",501,0.72,different (assistant review: two different sanctuaries)
Q134037852,Sanctuary of the Dindymean Mother outside Thebes,116141527,"Sanctuary of Apollo Ismenios, Thebes",501,0.62,different (assistant review: two different sanctuaries)
Q134037867,Sanctuary of Zeus Hypsistos at Thebes,116141527,"Sanctuary of Apollo Ismenios, Thebes",501,0.71,different (assistant review: two different sanctuaries)
Q134037883,Sanctuary of Ammon in Thebes of Boeotia,116141527,"Sanctuary of Apollo Ismenios, Thebes",501,0.67,different (assistant review: two different sanctuaries)
Q136498057,Koronta Doric temple,530961,Koronta,124,0.52,different (assistant review: temple vs settlement)
Q139771123,Temple K (Argos),570106,Argos,338,0.5,different (auto: similarity < 0.55 and > 300 m apart)
Q81248,Cassandreia,491701,Poteidaia/Kassandreia,236,0.62,same (assistant review: Kassandreia = Poteidaia site)
Q12290074,Pautaliya,481949,Pautalia,743,0.94,"same (assistant review: same Roman town, spelling variant)"
Q12723649,Castra Acidava,216691,Acidava,7,0.67,"same (auto: name equal within 5 km, or <= 500 m and similarity >= 0.65)"
Q41581937,Pydna,491703,Pydna,201,1.0,"same (auto: name equal within 5 km, or <= 500 m and similarity >= 0.65)"
Q3078451,Vinica Fortress,491749,Vinica,163,0.57,"different (default: kept separate, identity could not be determined; overwrite with your decision)"
Q1641424,Romula,216958,Romula/Malva,869,0.67,same (assistant review: same Roman town)
Q1796350,Royal Tombs of Selca e Poshtme,481988,Selcë e Poshtme,572,0.62,different (assistant review: tombs vs settlement)
Q2556208,Dispilio,471781651,Dispilio,609,1.0,"same (auto: name equal within 5 km, or <= 500 m and similarity >= 0.65)"
Q2792131,Castra of Gresia,216827,Gresia,549,0.55,different (auto: similarity < 0.55 and > 300 m apart)
Q56279678,Agias Sofias metro station,332324146,"Hagia Sophia, Thessaloniki",188,0.54,different (assistant review: metro station vs church)
Q60790595,Acontisma,501341,Akontisma,903,0.89,"same (assistant review: same ancient town, spelling variant)"
Q60792858,Europus,491594,Europos,394,0.86,"same (auto: name equal within 5 km, or <= 500 m and similarity >= 0.65)"
Q60793259,Brea,491556,Brea,0,1.0,"same (auto: name equal within 5 km, or <= 500 m and similarity >= 0.65)"
Q3485398,Rudna Glava,207397,Rudna Glava,2231,1.0,"same (auto: name equal within 5 km, or <= 500 m and similarity >= 0.65)"
Q12723661,Castra of Putineiu,216946,Putineiu,7,0.62,same (assistant review: same Roman fort)
Q3279209,house of Olynthos,170572803,House of Many Colors,549,0.7,different (assistant review: two different houses)
Q3531069,"Macedonian royal tombs, Vergina",531279448,Royal Tombs of Vergina,413,0.75,"same (auto: name equal within 5 km, or <= 500 m and similarity >= 0.65)"
Q3891634,Galerius palace,361097849,Arch of Galerius,296,0.52,different (assistant review: palace vs arch)
Q5050734,Castra of Hinova,207169,Hinova,998,0.55,different (auto: similarity < 0.55 and > 300 m apart)
Q18285924,Scithae,491637,Kithas,0,0.62,"different (default: kept separate, identity could not be determined; overwrite with your decision)"
Q18410069,Alalcomenae,481713,Alkomena,4,0.74,"same (auto: name equal within 5 km, or <= 500 m and similarity >= 0.65)"
Q12723674,Castra of Urluieni - 1,217032,Urluieni,988,0.53,different (auto: similarity < 0.55 and > 300 m apart)
Q12749154,Bolnica (Visibaba),207557,Visibaba,13,0.64,"different (default: kept separate, identity could not be determined; overwrite with your decision)"
Q12749580,Varošište (Visibaba),207557,Visibaba,13,0.59,"different (default: kept separate, identity could not be determined; overwrite with your decision)"
Q12758502,Savinac (Visibaba),207557,Visibaba,13,0.64,"different (default: kept separate, identity could not be determined; overwrite with your decision)"
Q12885568,Topeiros,501645,Topeiros (Paradeisos),936,0.57,same (assistant review: same ancient town)
Q12885886,Kalyvas Fortress,501452,Kalyva,14,0.55,"different (default: kept separate, identity could not be determined; overwrite with your decision)"
Q12757361,Pločnik,207350,Pločnik,1212,1.0,"same (auto: name equal within 5 km, or <= 500 m and similarity >= 0.65)"
Q12910730,Stymbara/Stibera,482008,Stuberra,17,0.5,same (assistant review: Stibera = Stuberra)
Q16932289,Roman Agora of Thessaloniki,688857980,Roman forum at Thessalonica,13,0.74,"same (auto: name equal within 5 km, or <= 500 m and similarity >= 0.65)"
Q1163620,Church of Hosios David,115782359,Church of Saint Demetrius,500,0.64,different (assistant review: two different churches)
Q26260744,Library of Philippopolis,925968978,Stadium of Philippopolis,509,0.75,different (assistant review: library vs stadium)
Q2972623,Jewish Cemetery of Thessaloniki,332324146,"Hagia Sophia, Thessaloniki",979,0.6,different (assistant review: cemetery vs church)
Q28937971,Villa of Dionysos (Ancient Dion),376566547,Sanctuary of Isis at Dion,389,0.57,different (assistant review: villa vs sanctuary)
Q29937089,"Temple of Isis, Dion",376566547,Sanctuary of Isis at Dion,31,0.67,"same (auto: name equal within 5 km, or <= 500 m and similarity >= 0.65)"
Q29957814,"Temple of Asclepius, Dion",376566547,Sanctuary of Isis at Dion,238,0.56,different (assistant review: temple vs Isis sanctuary)
Q30974556,Rudna glava,207397,Rudna Glava,33,1.0,"same (auto: name equal within 5 km, or <= 500 m and similarity >= 0.65)"
Q38278839,Tomb of Philip ΙΙ,531279448,Royal Tombs of Vergina,420,0.5,different (auto: similarity < 0.55 and > 300 m apart)
Q14552369,Felix Romuliana,207395,Romuliana,0,0.75,"same (auto: name equal within 5 km, or <= 500 m and similarity >= 0.65)"
Q38281352,Potidaea,491701,Poteidaia/Kassandreia,130,0.55,same (assistant review: Potidaea = Poteidaia)
Q38279801,Tomb of Alexander IV,531279448,Royal Tombs of Vergina,356,0.52,different (auto: similarity < 0.55 and > 300 m apart)
Q38281027,Amphipolis archaeological site,501347,Amphipolis,788,0.5,different (auto: similarity < 0.55 and > 300 m apart)
Q25461688,Byzantine street in the Niš Fortress,865385553,Niš Fortress,39,0.5,different (assistant review: street inside the fortress)
Q21083662,Ancient capital of Thasos,851289754,Archaic agora of Thasos,34,0.67,"same (auto: name equal within 5 km, or <= 500 m and similarity >= 0.65)"
Q38283665,Cistern of Agioi Apostoloi,563800136,Church of the Holy Apostles,42,0.53,different (assistant review: cistern vs church)
Q40965494,Greek theatre of Thasos,851289754,Archaic agora of Thasos,452,0.57,different (assistant review: theatre vs agora)
Q62019611,Lete Macedonian Tomb G,526055597,Derveni tombs,59,0.51,different (assistant review: single tomb vs tomb group)
Q64630060,Roman fortress Valeriana,218198,Roman bridge at Valeriana,127,0.73,"same (auto: name equal within 5 km, or <= 500 m and similarity >= 0.65)"
Q43008380,Drobeta Thermae,661094764,Drobeta amphitheater,148,0.69,"same (auto: name equal within 5 km, or <= 500 m and similarity >= 0.65)"
Q43010539,Archaeological site from Drobeta Turnu Severin,207629,"""Trajan's Bridge"" at Drobeta-Turnu Severin",445,0.67,"same (auto: name equal within 5 km, or <= 500 m and similarity >= 0.65)"
Q27074182,Stavroupolis Macedonian tomb,232882995,"Komninon (Macedonian tomb), Stavroupolis",24,0.54,same (assistant review: same Macedonian tomb)
Q28937946,House of Leda (Ancient Dion),376566547,Sanctuary of Isis at Dion,130,0.5,different (assistant review: house vs sanctuary)
Q27777827,Amphipolis Bridge,501347,Amphipolis,642,0.74,different (assistant review: bridge vs the city)
Q27882448,Acropolis of Philippi,762595495,Theater at Philippi,721,0.6,different (assistant review: acropolis vs theatre)
Q28937948,House of Zosas (Ancient Dion),376566547,Sanctuary of Isis at Dion,154,0.57,different (assistant review: house vs sanctuary)
Q28937952,Sanctuary of Demeter (Ancient Dion),376566547,Sanctuary of Isis at Dion,171,0.71,"same (auto: name equal within 5 km, or <= 500 m and similarity >= 0.65)"
Q28937960,Sanctuary of Zeus Hypsistos (Ancient Dion),376566547,Sanctuary of Isis at Dion,97,0.73,"same (auto: name equal within 5 km, or <= 500 m and similarity >= 0.65)"
Q28937963,Sanctuary of Zeus Olympios (Ancient Dion),376566547,Sanctuary of Isis at Dion,529,0.68,different (assistant review: two different sanctuaries)
Q28937966,Roman theatre of Dion,832363479,Hellenistic theater at Dion,356,0.58,different (assistant review: Roman vs Hellenistic theatre)
Q140421892,Mithraeum of Sofia,583980739,Western gate of Serdica,76,0.54,different (assistant review: mithraeum vs gate)
Q55425291,Agora of Mieza,491664,Mieza,105,0.53,different (assistant review: agora vs the town)
Q103195642,Slaveni (Samian Ware Discovery Site),216987,Slăveni Roman Fort,377,0.53,different (auto: similarity < 0.55 and > 300 m apart)
Q108664851,Acropolis of Thasos,851289754,Archaic agora of Thasos,565,0.62,different (assistant review: acropolis vs agora)
Q112409169,Kozani Heroon,491642,Kozani,620,0.63,different (assistant review: heroon vs the town)
Q124733788,Gazoros,501423,Gazoros,23,1.0,"same (auto: name equal within 5 km, or <= 500 m and similarity >= 0.65)"
Q115726144,Saint Nicholas Chrysokamaros,855023565,Tower of Chrysokamaro,29,0.65,"same (auto: name equal within 5 km, or <= 500 m and similarity >= 0.65)"
Q124672351,"Asar, Kalokastro",491528,Ar(r)olos,793,0.56,"different (default: kept separate, identity could not be determined; overwrite with your decision)"
Q499850,Castrum Samum,207419,Samum,963,0.56,same (assistant review: same Roman fort)
Q582427,Castra of Gherla,207133,Gherla,231,0.55,same (assistant review: same Roman fort)
Q612811,Castra of Călugăreni,216745,Călugăreni,262,0.67,"same (auto: name equal within 5 km, or <= 500 m and similarity >= 0.65)"
Q612921,Castra Germisara,207129,Germisara,0,0.72,"same (auto: name equal within 5 km, or <= 500 m and similarity >= 0.65)"
Q613009,Castra of Brâncovenești,216737,Brîncoveneşti,520,0.67,same (assistant review: same Roman fort)
Q613338,Castra of Gilău,207134,Gilău,933,0.5,different (auto: similarity < 0.55 and > 300 m apart)
Q1309590,Castra Micia,207286,Micia,147,0.59,same (assistant review: same Roman fort)
Q1309608,Castra of Aradul Nou,206932,Aradul Nou,0,0.67,"same (auto: name equal within 5 km, or <= 500 m and similarity >= 0.65)"
Q774266,Castrum Apulum,206927,Apulum,137,0.6,"different (default: kept separate, identity could not be determined; overwrite with your decision)"
Q5050717,Castra of Bucium,207323,Orăştiora de Sus,458,0.5,different (auto: similarity < 0.55 and > 300 m apart)
Q5050739,Castra of Lipova,207242,Lipova,194,0.55,same (assistant review: same Roman fort)
Q5175125,Costești-Blidaru Dacian fortress,876112477,Costești-Blidaru,19,0.67,"same (auto: name equal within 5 km, or <= 500 m and similarity >= 0.65)"
Q7234612,Castra Potaissa,207362,Potaissa,757,0.7,"different (default: kept separate, identity could not be determined; overwrite with your decision)"
Q1309715,Castra of Cenad,207023,Cenad,94,0.5,same (assistant review: same Roman fort)
Q12723662,Castra of Războieni-Cetate,207378,Războieni-Cetate Roman castrum,368,0.57,same (assistant review: same Roman castrum)
Q15966906,Castrum Porolissum,207361,Porolissum,41,0.71,"same (auto: name equal within 5 km, or <= 500 m and similarity >= 0.65)"
Q15187366,Castra Arcidava,206933,Arcidava,0,0.7,"same (auto: name equal within 5 km, or <= 500 m and similarity >= 0.65)"
Q103194221,Sarmizegetusa (Samian Ware Discovery Site),524360868,Sarmizegetusa Roman amphitheater,200,0.6,different (assistant review: find site vs amphitheatre)
Q131552324,Forum of Ulpia Traiana Sarmizegetusa,207527,Ulpia Traiana Sarmizegetusa,247,0.86,"same (auto: name equal within 5 km, or <= 500 m and similarity >= 0.65)"
Q28996603,Micia amphitheatre,993194702,Amphitheater of Micia,23,0.56,same (assistant review: same amphitheatre)
Q42872538,Castrum Tibiscum,207495,Tibiscum,61,0.67,"same (auto: name equal within 5 km, or <= 500 m and similarity >= 0.65)"
Q43117945,Porolissum castra,207361,Porolissum,77,0.74,"same (auto: name equal within 5 km, or <= 500 m and similarity >= 0.65)"
Q14204708,Bir el-Shaghala,624813669,Mut el-Kharab,671,0.5,different (auto: similarity < 0.55 and > 300 m apart)
Q14222266,Umm Ubeida,716644,Umm Ubaydah,53,0.76,"same (auto: name equal within 5 km, or <= 500 m and similarity >= 0.65)"
Q14223960,el-Aguz,716504,el-Aguz,4804,1.0,"same (auto: name equal within 5 km, or <= 500 m and similarity >= 0.65)"
Q14223975,Ain Ris,716516,Ain Ris,3702,1.0,"same (auto: name equal within 5 km, or <= 500 m and similarity >= 0.65)"
Q2696558,Pharos,727197,Pharos,134,1.0,"same (auto: name equal within 5 km, or <= 500 m and similarity >= 0.65)"
Q4779874,Apis,716526,Apis,1557,1.0,"same (auto: name equal within 5 km, or <= 500 m and similarity >= 0.65)"
Q140393366,Chrysi archaeological site,482621854,Chryssi-Gaidouronisi,87,0.57,same (assistant review: same island site)
Q12192976,Roman Theatre of Alexandria,464391493,Caesareum of Alexandria,675,0.76,different (assistant review: theatre vs Caesareum)
Q38283556,theatre of Leuce,581374445,Theater at Leuke,10,0.75,"same (auto: name equal within 5 km, or <= 500 m and similarity >= 0.65)"
Q25094151,Mochlos islet,589937,Mokhlos,446,0.6,same (assistant review: same Minoan site)
Q996150,Nysa Bridge,599832,Nysa/Athymbra,45,0.58,different (assistant review: bridge vs the city)
Q996170,Pergamon Bridge,565845192,Pergamon gymnasium,680,0.61,different (assistant review: bridge vs gymnasium)
Q65068105,Larisa,550684,Larisa,3851,1.0,"same (auto: name equal within 5 km, or <= 500 m and similarity >= 0.65)"
Q56633101,Bouleuterion (Ephesus),818256726,Theater of Ephesus,505,0.67,different (assistant review: bouleuterion vs theatre)
Q57462249,"Sanctuary of Aphrodite, Aphrodisias",46120818,Martyrion at Aphrodisias,401,0.64,different (assistant review: sanctuary vs martyrion)
Q57841105,Sanctuary of Athena Lindia,414067217,Temple of Athena Lindia,19,0.73,"same (auto: name equal within 5 km, or <= 500 m and similarity >= 0.65)"
Q65068385,Tlos,599984,*Tlos/Gelos,0,0.57,same (assistant review: same ancient city)
Q65081979,Argos,599516,Argos,1590,1.0,"same (auto: name equal within 5 km, or <= 500 m and similarity >= 0.65)"
Q6055664,Bintepe,550485,Bin Tepe,1371,0.93,same (assistant review: same tumulus cemetery)
Q7127240,"Paleopolis, Lydia",599846,Palaiapolis,0,0.57,"same (assistant review: same site, same coordinates)"
Q11925439,Heraclea (Lydia),550570,Herakleia,0,0.67,"same (auto: name equal within 5 km, or <= 500 m and similarity >= 0.65)"
Q7618386,Stoibadeion,732220285,Sarapieion A,346,0.52,different (auto: similarity < 0.55 and > 300 m apart)
Q85775907,Lasnedda,550688,*Lasnedda?,2071,1.0,"same (auto: name equal within 5 km, or <= 500 m and similarity >= 0.65)"
Q85784873,Meloukome,550731,Meloukome,4504,1.0,"same (auto: name equal within 5 km, or <= 500 m and similarity >= 0.65)"
Q96232770,Aphrodisias Museum,638753,Aphrodisias,318,0.76,"same (auto: name equal within 5 km, or <= 500 m and similarity >= 0.65)"
Q3708109,Dios Hieron (Lydia),550515,Dios Hieron,0,0.76,"same (auto: name equal within 5 km, or <= 500 m and similarity >= 0.65)"
Q3557443,Acropolis of Rhodes,103328498,Ancient Stadium of Rhodes,166,0.64,different (assistant review: acropolis vs stadium)
Q85752214,Choria,550499,*Choria,2872,1.0,"same (auto: name equal within 5 km, or <= 500 m and similarity >= 0.65)"
Q85774897,Korakoe,550663,*Korakoe,4616,1.0,"same (auto: name equal within 5 km, or <= 500 m and similarity >= 0.65)"
Q1185404,Sanctuary of Demeter (Pergamum),117689032,Library of Pergamum,549,0.61,different (assistant review: sanctuary vs library)
Q1409276,Seven Sleepers cemetery (Ephesus),43374419,Cave of the Seven Sleepers (Ephesus),8,0.69,"same (auto: name equal within 5 km, or <= 500 m and similarity >= 0.65)"
Q1575495,Terrace Houses in Ephesus,818256726,Theater of Ephesus,346,0.6,different (assistant review: houses vs theatre)
Q1693611,Nymphaion,550778,[Nymphaion],1582,1.0,"same (auto: name equal within 5 km, or <= 500 m and similarity >= 0.65)"
Q2006145,Nymphaeum Traiani (Ephesus),956927190,Temple of Hadrian (Ephesus),75,0.65,"same (auto: name equal within 5 km, or <= 500 m and similarity >= 0.65)"
Q2114503,Prytaneion (Ephesus),956927189,Stadium (Ephesus),992,0.69,different (assistant review: prytaneion vs stadium)
Q2225834,Satala (Lidya),550869,Satala,103,0.63,same (assistant review: same Lydian Satala)
Q2285633,Silandos,609528,Silandos,2088,1.0,"same (auto: name equal within 5 km, or <= 500 m and similarity >= 0.65)"
Q3213827,theatre of Assos,989985817,Temple of Athena at Assos,284,0.59,different (assistant review: theatre vs temple)
Q3982324,Theatre of Hierapolis,827909265,Temple of Apollo at Hierapolis,236,0.67,"same (auto: name equal within 5 km, or <= 500 m and similarity >= 0.65)"
Q12902542,Sacred Way (Delos),210745099,Stadium of Delos,922,0.61,different (assistant review: road vs stadium)
Q14540869,Scholastikia Baths (Ephesus),956927192,Insula M1 (Ephesus),58,0.58,different (assistant review: baths vs insula)
Q15303790,Thermi,550922,Therma?,559,0.83,"different (default: kept separate, identity could not be determined; overwrite with your decision)"
Q16332159,Germe,550577,(Hiera) Germe,0,0.59,same (assistant review: same Germe)
Q16676981,Archaeological site of Ephesus,818256726,Theater of Ephesus,100,0.58,different (assistant review: whole site vs theatre)
Q22681233,Archanes palace,589657,Acharna,589,0.55,different (auto: similarity < 0.55 and > 300 m apart)
Q22681622,Theatre of the Pythagoreion,629167850,Pythagoreion,893,0.62,different (assistant review: theatre vs the town)
Q25162213,Theatre of Lindos,414067217,Temple of Athena Lindia,176,0.55,different (assistant review: theatre vs temple)
Q25166867,Hephaistia,550569,Hephaistia,412,1.0,"same (auto: name equal within 5 km, or <= 500 m and similarity >= 0.65)"
Q27663901,Samothrakeion,732220285,Sarapieion A,45,0.64,different (assistant review: two different sanctuaries)
Q27663903,House of Hermes (Delos),576206943,The House of the Masks ,222,0.64,different (assistant review: two different houses)
Q27663905,House of Inopos (Delos),818633083,Terrace of the Lions at Delos,518,0.59,different (assistant review: house vs terrace)
Q27663907,Sanctuary of the Syrian Gods,599506,Sanctuary of Apollo on Delos,223,0.64,different (assistant review: two different sanctuaries)
Q27663910,Temple of Hera in Delos (Heraion),818633083,Terrace of the Lions at Delos,678,0.52,different (auto: similarity < 0.55 and > 300 m apart)
Q27663912,Temple of Isis (Delos),818633083,Terrace of the Lions at Delos,640,0.64,different (assistant review: temple vs terrace)
Q27663938,Oikos of the Naxians on Delos,818633083,Terrace of the Lions at Delos,228,0.62,different (assistant review: oikos vs terrace)
Q27663946,Temple of Artemis in Delos,818633083,Terrace of the Lions at Delos,180,0.65,"same (auto: name equal within 5 km, or <= 500 m and similarity >= 0.65)"
Q27663950,Temple of the Athenians in Delos,818633083,Terrace of the Lions at Delos,203,0.69,"same (auto: name equal within 5 km, or <= 500 m and similarity >= 0.65)"
Q27663957,Temple of Leto (Letoon) in Delos,818633083,Terrace of the Lions at Delos,61,0.62,different (assistant review: temple vs terrace)
Q27663976,Stoa of Antigonos,210745099,Stadium of Delos,798,0.55,different (auto: similarity < 0.55 and > 300 m apart)
Q27663988,Establishment of the Poseidoniasts,576206943,The House of the Masks ,782,0.5,different (auto: similarity < 0.55 and > 300 m apart)
Q27663995,House of Diadoumenos in Delos,599506,Sanctuary of Apollo on Delos,446,0.56,different (assistant review: house vs sanctuary)
Q27663999,House of the Lake (Delos),576206943,The House of the Masks ,825,0.7,different (assistant review: two different houses)
Q27664008,House of Cleopatra (Delos),818633083,Terrace of the Lions at Delos,504,0.56,different (assistant review: house vs terrace)
Q27664010,House of Dionysos (Delos),818633083,Terrace of the Lions at Delos,479,0.6,different (assistant review: house vs terrace)
Q27664016,House of the Trident (Delos),818633083,Terrace of the Lions at Delos,546,0.57,different (assistant review: house vs terrace)
Q27664020,Temple of Agathe Tyche in Delos,818633083,Terrace of the Lions at Delos,752,0.6,different (assistant review: temple vs terrace)
Q28721195,Cave of Cynthus (Kynthos) on Delos,818633083,Terrace of the Lions at Delos,798,0.54,different (auto: similarity < 0.55 and > 300 m apart)
Q28837295,Farmakokefalo,589686,Ampelos,357,0.5,different (auto: similarity < 0.55 and > 300 m apart)
Q38282785,Old castle of Pythagoreion,629167850,Pythagoreion,151,0.63,different (assistant review: castle vs ancient town)
Q38283052,small palace of Knossos,330539497,Little Palace at Knossos,4,0.77,"same (auto: name equal within 5 km, or <= 500 m and similarity >= 0.65)"
Q65229676,Astypalaea,533372008,Castle of Astypalaia,37,0.6,"different (default: kept separate, identity could not be determined; overwrite with your decision)"
Q65245372,Telos (şehir),599960,Telos (settlement),562,0.62,same (assistant review: same ancient settlement)
Q73532531,Arkadia,589710,Arkades,156,0.71,"same (auto: name equal within 5 km, or <= 500 m and similarity >= 0.65)"
Q76639564,Baths on the State Agora (Ephesus),818256726,Theater of Ephesus,575,0.63,different (assistant review: baths vs theatre)
Q76640593,Memmius Monument (Ephesus),956927192,Insula M1 (Ephesus),268,0.6,different (assistant review: monument vs insula)
Q77071662,State Agora of Ephesus,818256726,Theater of Ephesus,523,0.8,different (assistant review: agora vs theatre)
Q77073495,Alexandreion (Priene),182750553,Theater of Priene,314,0.59,different (assistant review: sanctuary vs theatre)
Q78208688,Ionic Stoa in Miletus,65156147,Delphinion (Miletos),90,0.55,different (assistant review: stoa vs Delphinion)
Q78209672,Stadium Miletus,599799,Miletus,469,0.64,different (assistant review: stadium vs the city)
Q78212304,South Agora of Miletus,265498964,Theater of Miletus,392,0.75,"same (auto: name equal within 5 km, or <= 500 m and similarity >= 0.65)"
Q78213626,Miletus Nymphaeum,599799,Miletus,244,0.58,different (assistant review: nymphaeum vs the city)
Q78229063,North Agora of Miletus,265498964,Theater of Miletus,347,0.75,"same (auto: name equal within 5 km, or <= 500 m and similarity >= 0.65)"
Q78231712,Temple of Serapis in Miletus,185031048,Temple of Athena (Miletus),630,0.79,different (assistant review: two different temples)
Q38283076,south house in Knossos,229296321,Neolithic Settlement at Knossos,90,0.57,different (assistant review: house vs Neolithic settlement)
Q38283083,unexplored house in Knossos,330539498,Unexplored Mansion at Knossos,15,0.75,"same (auto: name equal within 5 km, or <= 500 m and similarity >= 0.65)"
Q38283554,Hierapytna theater,589807,Hierapytna,765,0.71,different (assistant review: theatre vs the city)
Q38381071,Chersonessos Roman theater,589744,Chersonasos,66,0.54,different (assistant review: theatre vs the town)
Q56398946,Eresus,550533,Eresos,16,0.83,"same (auto: name equal within 5 km, or <= 500 m and similarity >= 0.65)"
Q56450680,Tower of Agia Triada,50492053,Agia Triada Tower,12,0.59,same (assistant review: same tower)
Q58330383,Temple of Apollo Aigletes (Anafi),599504,Apollo Asgelatos (temple),645,0.5,different (auto: similarity < 0.55 and > 300 m apart)
Q64705219,X Tepe Tumulus,198601655,Yığma Tepe Tumulus,983,0.84,different (assistant review: two different tumuli)
Q114243561,Panamara,599853,*Panamara,2015,1.0,"same (auto: name equal within 5 km, or <= 500 m and similarity >= 0.65)"
Q78804798,Theatre of Magnesia on the Meander,777324660,Magnesia Theater 1,282,0.58,"different (default: kept separate, identity could not be determined; overwrite with your decision)"
Q97200366,The Capito Thermae,265498964,Theater of Miletus,473,0.5,different (auto: similarity < 0.55 and > 300 m apart)
Q97201473,Stadium of Priene,182750553,Theater of Priene,308,0.71,"same (auto: name equal within 5 km, or <= 500 m and similarity >= 0.65)"
Q97202122,Temple of Zeus (Priene),298577312,The Temple of Athena Polias at Priene,145,0.68,"same (auto: name equal within 5 km, or <= 500 m and similarity >= 0.65)"
Q78805757,Theatre in Magnesia of Meander,599778,Magnesia ad Maeandrum/Leukophrys,238,0.55,different (assistant review: theatre vs the city)
Q78806201,Magnesia Stadium,777324660,Magnesia Theater 1,624,0.65,different (assistant review: stadium vs theatre)
Q86601963,Megalos Revmatiaris,93346604,Delos Main Harbor,695,0.56,different (assistant review: different locality vs harbour)
Q97341108,Temple on the State Agora,956927190,Temple of Hadrian (Ephesus),290,0.51,different (assistant review: two different temples)
Q97341255,Harbor Baths (Ephesus),964353021,"Harbour Thermae, Ephesos",19,0.76,"same (auto: name equal within 5 km, or <= 500 m and similarity >= 0.65)"
Q97341290,Terrace House 1 (Ephesus),818256726,Theater of Ephesus,346,0.62,different (assistant review: house vs theatre)
Q97341291,Terrace House 2 (Ephesus),818256726,Theater of Ephesus,312,0.62,different (assistant review: house vs theatre)
Q104629988,Artemision (Ephesus),873985034,Temple of Artemis at Ephesus,15,0.68,"same (auto: name equal within 5 km, or <= 500 m and similarity >= 0.65)"
Q104629989,Tribune in the Artemision (Ephesus),873985034,Temple of Artemis at Ephesus,233,0.65,different (assistant review: tribune vs temple)
Q104641890,Coressus Harbor (Ephesus),964353021,"Harbour Thermae, Ephesos",368,0.58,different (assistant review: harbour vs baths)
Q104641895,Basilica in the East Gymnasium,43374418,East Gymnasium,57,0.64,different (assistant review: basilica inside gymnasium)
Q104641896,Pollio Monument and Fountain of Domitian (Ephesus),956927190,Temple of Hadrian (Ephesus),244,0.53,different (assistant review: monuments vs temple)
Q104641897,Hercules Gate (Ephesus),818256726,Theater of Ephesus,419,0.7,"same (auto: name equal within 5 km, or <= 500 m and similarity >= 0.65)"
Q104641901,Hadrian's Gate (Ephesus),956927190,Temple of Hadrian (Ephesus),72,0.65,"same (auto: name equal within 5 km, or <= 500 m and similarity >= 0.65)"
Q104641903,Marble Street (Ephesus),964353021,"Harbour Thermae, Ephesos",562,0.61,different (assistant review: street vs baths)
Q104641908,Four-Column Monument (Ephesus),956927192,Insula M1 (Ephesus),466,0.55,different (assistant review: monument vs insula)
Q104641909,Atrium Thermarum (Ephesus),964353021,"Harbour Thermae, Ephesos",109,0.73,"same (auto: name equal within 5 km, or <= 500 m and similarity >= 0.65)"
Q104641912,Halls of Verulanus (Ephesus),956927190,Temple of Hadrian (Ephesus),641,0.64,different (assistant review: halls vs temple)
Q104641913,Acropolis (Ephesus),956927189,Stadium (Ephesus),319,0.65,different (assistant review: acropolis vs stadium)
Q104772346,South Gate of the Agora (Ephesus),956927190,Temple of Hadrian (Ephesus),110,0.66,"same (auto: name equal within 5 km, or <= 500 m and similarity >= 0.65)"
Q105232353,Temple of Athena (Pergamon),146849991,Temple of Trajan at Pergamon,158,0.78,"same (auto: name equal within 5 km, or <= 500 m and similarity >= 0.65)"
Q105232370,Temple of Demeter in Pergamon,146849991,Temple of Trajan at Pergamon,641,0.77,different (assistant review: two different temples)
Q105232430,Temple of Dionysos in Pergamon,146849991,Temple of Trajan at Pergamon,89,0.72,"same (auto: name equal within 5 km, or <= 500 m and similarity >= 0.65)"
Q105274422,Temple of Hera in Pergamon,146849991,Temple of Trajan at Pergamon,641,0.81,different (assistant review: two different temples)
Q111487904,Temple of Artemis Tauropolos,599524,"Artemis Tauropolos, T.",11,0.73,"same (auto: name equal within 5 km, or <= 500 m and similarity >= 0.65)"
Q113006108,Kamari basilica,599685,Kamares,208,0.55,different (assistant review: basilica vs other site)
Q115285590,Ancient Theater of Alexandria Troas,550434,Antigoneia/(Col. Augusta) Alexandria Troas,534,0.58,different (assistant review: theatre vs the city)
Q115755204,Patara North gate,639042,Patara/Arsinoe,555,0.65,different (assistant review: gate vs the city)
Q115768249,Temple of Apollo Karneios (Knidos),312238265,Temple of Aphrodite Euploia,38,0.53,different (assistant review: two different temples)
Q116564605,Temple of Dionysos in Knidos,312238265,Temple of Aphrodite Euploia,319,0.51,different (auto: similarity < 0.55 and > 300 m apart)
Q125524450,Hekateion of Lagina,376215160,Hekateion,0,0.64,same (assistant review: same Hekate sanctuary)
Q116671557,Agora of Hierapolis,954952360,Insula 104 at Hierapolis,574,0.6,different (assistant review: agora vs insula)
Q116671607,Agora of Iasos,599664,Iasos,67,0.53,different (assistant review: agora vs the city)
Q116671676,Agora of Pergamon,877549424,Theater of Pergamon,95,0.78,"same (auto: name equal within 5 km, or <= 500 m and similarity >= 0.65)"
Q129917955,Aizanoi Macellum,609292,Aizanoi,336,0.61,different (assistant review: macellum vs the city)
Q131738536,Central Baths (Hierapolis),954952360,Insula 104 at Hierapolis,412,0.65,"same (auto: name equal within 5 km, or <= 500 m and similarity >= 0.65)"
Q131911880,Archaeological site of Delos,917412528,Theater of Delos,344,0.55,different (auto: similarity < 0.55 and > 300 m apart)
Q132182277,Kumtepe (Çanakkale),210709924,Kumtepe (Troad),97,0.62,same (assistant review: same prehistoric site)
Q132182654,Marpessos,550723,Marpessos,1340,1.0,"same (auto: name equal within 5 km, or <= 500 m and similarity >= 0.65)"
Q133235972,Labraunda Akropolis Kalesi,599745,Labraunda,285,0.51,different (assistant review: acropolis castle vs sanctuary)
Q133805822,Sandaina,550863,*Sandaina?,4442,1.0,"same (auto: name equal within 5 km, or <= 500 m and similarity >= 0.65)"
Q134038469,Pythion of Pergamon,877549424,Theater of Pergamon,107,0.74,"same (auto: name equal within 5 km, or <= 500 m and similarity >= 0.65)"
Q134038472,Sanctuary of Aphrodite Doritis in Knidos,312238265,Temple of Aphrodite Euploia,309,0.51,different (auto: similarity < 0.55 and > 300 m apart)
Q134038448,Sanctuary of Athena on Astypalaia,533372008,Castle of Astypalaia,12,0.6,different (assistant review: sanctuary vs castle)
Q134728163,Karaburun Tumulus,638896,Karaburun,539,0.69,"different (default: kept separate, identity could not be determined; overwrite with your decision)"
Q134960286,Traianopolis,609559,Traianoupolis,2427,0.96,"same (assistant review: same Traianopolis, spelling variant)"
Q135283715,Sanctuary of Athena,182750553,Theater of Priene,135,0.5,different (assistant review: sanctuary vs theatre)
Q135581774,Knidos Theater,599575,Cnidus (Tekir),586,0.59,different (assistant review: theatre vs the city)
Q135581776,Hierapolis Theater,638860,Hierapolis/Pamukkale,752,0.63,different (assistant review: theatre vs the city)
Q135581778,Stratonicea Theater,599947,Stratonikeia,462,0.65,different (assistant review: theatre vs the city)
Q135581779,Blaundos Theater,609344,Blaundos,167,0.67,"same (auto: name equal within 5 km, or <= 500 m and similarity >= 0.65)"
Q135581780,Tlos Theater,990568323,Roman theater at Tlos,6,0.55,same (assistant review: same theatre)
Q135581810,Telmessos Theater,639137,Telmessos,14,0.69,"same (auto: name equal within 5 km, or <= 500 m and similarity >= 0.65)"
Q135581811,Sidyma Theater,639108,Sidyma,122,0.6,different (assistant review: theatre vs the city)
Q135581812,Pınara Theater,639058,Pinara,642,0.53,different (auto: similarity < 0.55 and > 300 m apart)
Q135581815,Letoon Theater,638958,Letoon,40,0.6,different (assistant review: theatre vs the sanctuary)
Q135581816,Kedrai Theater,599702,Kedreai,86,0.57,different (assistant review: theatre vs the city)
Q135581819,Kadyanda Theater,638885,Kadyanda,147,0.67,"same (auto: name equal within 5 km, or <= 500 m and similarity >= 0.65)"
Q135581826,Hyllarima Theater,599659,Hyllarima,43,0.69,"same (auto: name equal within 5 km, or <= 500 m and similarity >= 0.65)"
Q135581825,Iasos Theater,599664,Iasos,179,0.56,different (assistant review: theatre vs the city)
Q135581830,Bargylia Theater,599550,Bargylia,69,0.67,"same (auto: name equal within 5 km, or <= 500 m and similarity >= 0.65)"
Q135581832,Amos Theater,599485,Amos,216,0.5,different (assistant review: theatre vs the city)
Q135581833,Sardes Theater,550867, Sardis/Hyde?,971,0.64,different (assistant review: theatre vs the city)
Q135581834,Philadelphia Theater,550822,Philadelpheia,535,0.73,different (assistant review: theatre vs the city)
Q135581835,Aizanoi Theater,609292,Aizanoi,706,0.64,different (assistant review: theatre vs the city)
Q135581841,Temnos Theater,550908,Temnos,407,0.6,different (assistant review: theatre vs the city)
Q135581842,Pitane Theater,550833,Pitane,192,0.6,different (assistant review: theatre vs the city)
Q135581844,Phokaia Theater,550823,Phocaea,218,0.55,different (assistant review: theatre vs the city)
Q135581847,Metropolis Theater,550741,Metropolis,98,0.71,"same (auto: name equal within 5 km, or <= 500 m and similarity >= 0.65)"
Q135581850,Erythrai Theater,550535,Erythrai,19,0.67,"same (auto: name equal within 5 km, or <= 500 m and similarity >= 0.65)"
Q135581849,Klazomenai Theater,550651,Klazomenai (later),411,0.86,"same (auto: name equal within 5 km, or <= 500 m and similarity >= 0.65)"
Q135581853,Asclepeion Theater,550459,Asklepieion,82,0.62,different (assistant review: theatre vs the Asklepieion)
Q135581858,Colossae Theater,638811,Colossae,118,0.67,"same (auto: name equal within 5 km, or <= 500 m and similarity >= 0.65)"
Q135581860,Tralleis Theater,55405152,Tralles ancient theater,18,0.77,"same (auto: name equal within 5 km, or <= 500 m and similarity >= 0.65)"
Q135581864,Nysa Theater,599832,Nysa/Athymbra,35,0.64,different (assistant review: theatre vs the city)
Q135581867,Harpasa Theater,599637,Harpasa,530,0.64,different (assistant review: theatre vs the city)
Q135582497,Simena Theater,639110,Simena,797,0.6,different (assistant review: theatre vs the city)
Q135582503,Nisa Theater,639010,Nisa,227,0.5,different (assistant review: theatre vs the city)
Q135582505,Kyaneai Theater,150531239,Cyaneae Theater,4,0.87,"same (auto: name equal within 5 km, or <= 500 m and similarity >= 0.65)"
Q135582621,Xanthos Bizans Villası,639166,Xanthos,208,0.5,different (assistant review: villa vs the city)
Q135892710,Ellinika Pahias Ammou,589934,Minoa (Pakheia Ammos),815,0.68,"different (default: kept separate, identity could not be determined; overwrite with your decision)"
Q135581868,Amyzon Theater,599489,Amyzon/*Mydon,164,0.54,different (assistant review: theatre vs the city)
Q135581870,Alabanda Theater,599479,Alabanda/Antiocheia Chrysaoron,613,0.61,different (assistant review: theatre vs the city)
Q135581898,Delphinion of Milet,65156147,Delphinion (Miletos),7,0.89,"same (auto: name equal within 5 km, or <= 500 m and similarity >= 0.65)"
Q135582472,Phellos Theater,639052,Phellos,39,0.64,different (assistant review: theatre vs the city)
Q135582475,Apollonia Theater,638755,Apollonia,97,0.69,"same (auto: name equal within 5 km, or <= 500 m and similarity >= 0.65)"
Q135582490,Kibyra Theater,638804,Cibyra,313,0.5,different (auto: similarity < 0.55 and > 300 m apart)
Q135582495,Xanthos Theater,639166,Xanthos,183,0.64,different (assistant review: theatre vs the city)
Q135582492,Boubon Theater,638792,Boubon,46,0.6,different (assistant review: theatre vs the city)
Q135960735,Sebaste Tumulus 3,609521,Sebaste,730,0.58,different (assistant review: tumulus vs the city)
Q135960736,Sebaste Tumulus 2,609521,Sebaste,763,0.58,different (assistant review: tumulus vs the city)
Q135960738,Sebaste Tumulus 1,609521,Sebaste,739,0.58,different (assistant review: tumulus vs the city)
Q139424700,Aizanoi Stadyumu,609292,Aizanoi,553,0.61,different (assistant review: stadium vs the city)
Q136480323,Temple of Athena Heraclea at Latmus,599640,Heraclea ad Latmum/Pleistarcheia,16,0.51,different (assistant review: temple vs the city)
Q139428097,Erythrai Heroon,550535,Erythrai,150,0.7,"same (auto: name equal within 5 km, or <= 500 m and similarity >= 0.65)"
Q139429539,Hyllarima Nymphaeum,599659,Hyllarima,64,0.64,different (assistant review: nymphaeum vs the city)
Q139429851,Keramos Nymphaeum,599707,Keramos,136,0.58,different (assistant review: nymphaeum vs the city)
Q139430820,Priene Doğu Nekropolü,599905,Priene/‘Lince’?,383,0.55,different (auto: similarity < 0.55 and > 300 m apart)
Q139431210,Metropolis Peristilli Ev,550741,Metropolis,150,0.59,different (assistant review: house vs the city)
Q139431286,Arnabanda,638762,Arnabanda,1044,1.0,"same (auto: name equal within 5 km, or <= 500 m and similarity >= 0.65)"
Q139431312,Pergamon Stadion,565845192,Pergamon gymnasium,752,0.65,different (assistant review: stadium vs gymnasium)
Q139431425,Assos Nekropolis,550463,Assos/Apollonia,263,0.65,different (assistant review: necropolis vs the city)
Q139431787,Hyllarima Tümülüs,599659,Hyllarima,196,0.69,"same (auto: name equal within 5 km, or <= 500 m and similarity >= 0.65)"
Q139431828,Pladasa,599893,*Pladasa,3824,1.0,"same (auto: name equal within 5 km, or <= 500 m and similarity >= 0.65)"
Q139431866,Tlos Stadyum,639147,Tlos,130,0.5,different (assistant review: stadium vs the city)
Q139431937,Andriake Kuzey Yerleşimi,638745,Andriake,693,0.5,different (auto: similarity < 0.55 and > 300 m apart)
Q139432087,Blaundos Stadyumu,609344,Blaundos,86,0.64,different (assistant review: stadium vs the city)
Q139432355,Kasparyanda,638902,Karpasyanda?,0,0.82,"same (auto: name equal within 5 km, or <= 500 m and similarity >= 0.65)"
Q139432615,Thysannos,599983,Thyssanous,888,0.84,"same (assistant review: same site, spelling variant)"
Q139432693,Asklepion Heroon,550459,Asklepieion,177,0.67,"same (auto: name equal within 5 km, or <= 500 m and similarity >= 0.65)"
Q139432741,Elbessos,638828,Elbessos,891,1.0,"same (auto: name equal within 5 km, or <= 500 m and similarity >= 0.65)"
Q139433271,Kızılbel Tümülüsü,638924,Kızılbel,858,0.57,"different (default: kept separate, identity could not be determined; overwrite with your decision)"
Q139433411,Bagis,609336,Bagis,1607,1.0,"same (auto: name equal within 5 km, or <= 500 m and similarity >= 0.65)"
Q139433420,Attaleia,550472,Attaleia,218,1.0,"same (auto: name equal within 5 km, or <= 500 m and similarity >= 0.65)"
Q139433429,Anineta,599493,Anineta,44,1.0,"same (auto: name equal within 5 km, or <= 500 m and similarity >= 0.65)"
Q139433433,Almoura,599481,Almoura,2120,1.0,"same (auto: name equal within 5 km, or <= 500 m and similarity >= 0.65)"
Q139433470,Airai,550419,Airai,1353,1.0,"same (auto: name equal within 5 km, or <= 500 m and similarity >= 0.65)"
Q139433477,Aianteion,501334,Aianteion,2033,1.0,"same (auto: name equal within 5 km, or <= 500 m and similarity >= 0.65)"
Q139436029,Patara Stadyum,639042,Patara/Arsinoe,721,0.57,different (assistant review: stadium vs the city)
Q139436144,Apollonia Nekropolü,638755,Apollonia,166,0.64,different (assistant review: necropolis vs the city)
Q139436275,Labraunda Stadionu,599745,Labraunda,401,0.67,"same (auto: name equal within 5 km, or <= 500 m and similarity >= 0.65)"
Q139436450,Laodikeia Stadyumu,115105706,Stadium at Laodicea ad Lycum,8,0.57,same (assistant review: same stadium)
Q139436451,Nysa Stadyumu,599832,Nysa/Athymbra,212,0.54,different (assistant review: stadium vs the city)
Q139436454,Magnesia Stadyumu,777324660,Magnesia Theater 1,619,0.63,different (assistant review: stadium vs theatre)
Q139436757,Sardes Stadionu,550867, Sardis/Hyde?,845,0.54,different (auto: similarity < 0.55 and > 300 m apart)
Q139436567,Aphrodisias Stadium,638753,Aphrodisias,486,0.73,"same (auto: name equal within 5 km, or <= 500 m and similarity >= 0.65)"
Q139436690,Antandros Nekropolis,550433,Antandros,679,0.62,different (assistant review: necropolis vs the city)
Q139436750,Patara Tepecik Yerleşkesi,639042,Patara/Arsinoe,555,0.51,different (auto: similarity < 0.55 and > 300 m apart)
Q139437159,Kasara,599696,*Kasara,5,1.0,"same (auto: name equal within 5 km, or <= 500 m and similarity >= 0.65)"
Q139437337,Priene Akropolis,599905,Priene/‘Lince’?,488,0.64,different (assistant review: acropolis vs the city)
Q139437338,Metropolis Akropolis,550741,Metropolis,178,0.67,"same (auto: name equal within 5 km, or <= 500 m and similarity >= 0.65)"
Q139437149,Pioniai,550832,Pionia(i),3,0.93,"same (auto: name equal within 5 km, or <= 500 m and similarity >= 0.65)"
Q139437155,Telandros,639133,Telandros,33,1.0,"same (auto: name equal within 5 km, or <= 500 m and similarity >= 0.65)"
Q139433763,Trapezapolis,639149,Trapezopolis,192,0.92,"same (auto: name equal within 5 km, or <= 500 m and similarity >= 0.65)"
Q139433824,Plarasa,639063,Plarasa,2365,1.0,"same (auto: name equal within 5 km, or <= 500 m and similarity >= 0.65)"
Q139435280,Simena Nekropolü,639110,Simena,717,0.55,different (auto: similarity < 0.55 and > 300 m apart)
Q137170028,Philadelphia,550822,Philadelpheia,626,0.96,same (assistant review: Philadelphia = Philadelpheia)
Q137170030,Gargara,550544,Gargara,1829,1.0,"same (auto: name equal within 5 km, or <= 500 m and similarity >= 0.65)"
Q137170035,Dionysopolis,609363,Dionysoupolis,2623,0.96,"same (assistant review: same Dionysopolis, spelling variant)"
Q137170038,Ouranion,599842,Ouranion,4,1.0,"same (auto: name equal within 5 km, or <= 500 m and similarity >= 0.65)"
Q137170052,Maiboza/Julia,550707,*Maiboza/Iulia,6,0.92,"same (auto: name equal within 5 km, or <= 500 m and similarity >= 0.65)"
Q16622274,Proconnesus (city),511378,Proconnesus (settlement),0,0.7,"same (auto: name equal within 5 km, or <= 500 m and similarity >= 0.65)"
Q1231380,Forum of Constantine,773739435,Hippodrome of Constantinople,502,0.75,different (assistant review: forum vs hippodrome)
Q517690,Lysimachia,501458,Kardia/Lysimacheia,0,0.71,"same (auto: name equal within 5 km, or <= 500 m and similarity >= 0.65)"
Q1236748,Ilıpınar,729664549,Ilıpınar Tumulus,13,0.6,"different (default: kept separate, identity could not be determined; overwrite with your decision)"
Q1317936,Mesembria,216882,Mesembria,528,1.0,"same (auto: name equal within 5 km, or <= 500 m and similarity >= 0.65)"
Q65051234,Pharmakia,521113,Pharmakia/Therapeia,0,0.64,"same (assistant review: same place, same coordinates)"
Q65051574,Delphin,523977,Delphin/Karandas,0,0.61,"same (assistant review: same place, same coordinates)"
Q65051595,Canopus,523980,Kanopos,0,0.71,"same (auto: name equal within 5 km, or <= 500 m and similarity >= 0.65)"
Q65073206,Hermoton,511274,Hermoton/Hermaion,0,0.64,"same (assistant review: same place, same coordinates)"
Q65088767,Delkos,511231,Delkos,4266,1.0,"same (auto: name equal within 5 km, or <= 500 m and similarity >= 0.65)"
Q65119484,Neapolis,521095,Neapolis/Comarodes?,0,0.62,"same (assistant review: same place, same coordinates)"
Q114729598,Damalis,521001,Damalis/Bous,0,0.74,"same (auto: name equal within 5 km, or <= 500 m and similarity >= 0.65)"
Q6542263,Libida,216869,(L)Ibida,4003,0.92,same (assistant review: Libida = Ibida)
Q6984311,Neapolis,511333,Neapolis/Herakleia,237,0.62,same (assistant review: same Neapolis)
Q7861543,Tyrodiza,511449,Tiristasis/Tyrodiza,0,0.59,"same (assistant review: same place, same coordinates)"
Q5732571,Heraion,511271,Heraion (Teichos),24,0.61,same (assistant review: same Heraion)
Q5050721,Castra of Cernavodă,216762,Cernavoda,532,0.64,"different (default: kept separate, identity could not be determined; overwrite with your decision)"
Q3150393,Theodosius Cistern,448320942,Forum of Theodosius,791,0.54,different (auto: similarity < 0.55 and > 300 m apart)
Q65046266,Proochthoi,521129,Proochthoi/Brochthoi,0,0.67,"same (auto: name equal within 5 km, or <= 500 m and similarity >= 0.65)"
Q65046277,Phiela,521116,Phiela/Phiale,0,0.63,"same (assistant review: same place, same coordinates)"
Q65046288,Amycus,520957,Amykos,0,0.67,"same (auto: name equal within 5 km, or <= 500 m and similarity >= 0.65)"
Q132106,Apollonia Pontica,216706,Apollonia Pontica/Sozopolis,398,0.77,"same (auto: name equal within 5 km, or <= 500 m and similarity >= 0.65)"
Q794733,Aşağı Pınar mound,156660711,Aşağı Pınar,50,0.75,"same (auto: name equal within 5 km, or <= 500 m and similarity >= 0.65)"
Q12297724,Augusta Traiana forum,216731,Beroe/Augusta Traiana,178,0.71,"same (auto: name equal within 5 km, or <= 500 m and similarity >= 0.65)"
Q12884598,Cave of Maroneia,693520033,Maroneia Cave,46,0.55,same (assistant review: same cave)
Q18544592,Tomis ruins,217016,Tomis,910,0.62,same (assistant review: same ancient city)
Q18547950,Enisala Fortress,216805,Enisala,11,0.61,"different (default: kept separate, identity could not be determined; overwrite with your decision)"
Q26261038,Anhialo,216702,Anchialus,968,0.75,same (assistant review: Anhialo = Anchialus)
Q28971084,Marcianopolis amphitheatre,216878,Marcianopolis,448,0.67,"same (auto: name equal within 5 km, or <= 500 m and similarity >= 0.65)"
Q38281211,Byzantine Maroneia,501507,Maroneia,140,0.62,"different (default: kept separate, identity could not be determined; overwrite with your decision)"
Q42882620,Callatis,216744,Callatis,590,1.0,"same (auto: name equal within 5 km, or <= 500 m and similarity >= 0.65)"
Q52555115,Small Roman thermae,292442603,Roman Thermae (Varna),216,0.67,"same (auto: name equal within 5 km, or <= 500 m and similarity >= 0.65)"
Q111729910,Sanctuary of Zeus Ourios,521035,"Hieron (Chalkedonion)/Zeus Ourios, T.",74,0.51,same (assistant review: same Zeus Ourios sanctuary)
Q123890655,Karanovo,584982269,Tell Karanovo,9,0.76,"same (auto: name equal within 5 km, or <= 500 m and similarity >= 0.65)"
Q134786075,Vize Theater,971703785,Bizye Roman amphitheater,11,0.61,same (assistant review: same theatre-amphitheatre at Bizye)
Q134960291,Kardia Antik Kenti,501458,Kardia/Lysimacheia,789,0.5,different (auto: similarity < 0.55 and > 300 m apart)
Q135583028,Perinthos Theater,511357,Perinthus/Heraclea,907,0.74,different (assistant review: theatre vs the city)
Q135583029,Nikomedia Theater,511337,Nicomedia,384,0.62,different (assistant review: theatre vs the city)
Q135583030,Odeon of Parion,713959974,Theatre of Parium,180,0.56,different (assistant review: odeon vs theatre)
Q135583031,Apollonia ad Rhyndacum Theater,511151,Apollonia ad Rhyndacum,616,0.85,different (assistant review: theatre vs the city)
Q137583863,Necropolis of Apollonia ad Rhyndacum,511151,Apollonia ad Rhyndacum,355,0.76,"same (auto: name equal within 5 km, or <= 500 m and similarity >= 0.65)"
Q139431202,Daskyleion ad Mare,511226,Daskyleion,542,0.71,"different (default: kept separate, identity could not be determined; overwrite with your decision)"
Q139433379,Dakibyza,511221,Dakibyza,1088,1.0,"same (auto: name equal within 5 km, or <= 500 m and similarity >= 0.65)"
Q139433450,Arkadiopolis,511185,Berg(o)ule/Arkadioupolis,775,0.67,same (assistant review: same Arkadiopolis)
Q139433468,Aigospotamoi,501336,Aigospotamos,4754,0.92,same (assistant review: same Aigospotamoi)
Q139436126,Apollonia ad Rhyndacum Stadium,511151,Apollonia ad Rhyndacum,474,0.85,"same (auto: name equal within 5 km, or <= 500 m and similarity >= 0.65)"
Q612792,Castra of Odorheiu Secuiesc,216905,Odorheiu Secuiesc,906,0.77,same (assistant review: same Roman fort)
Q612835,Castra of Olteni,216910,Olteni,360,0.55,different (auto: similarity < 0.55 and > 300 m apart)
Q612858,Castra of Sărățeni,216971,Sărăţeni,202,0.62,same (assistant review: same Roman fort)
Q5207642,Dacian fortress of Drajna de Sus,216797,Drajna de Sus,702,0.58,same (assistant review: same Dacian fortress)
Q5278587,Castra Dinogetia,216791,Dinogetia,1,0.72,"same (auto: name equal within 5 km, or <= 500 m and similarity >= 0.65)"
Q25397084,Bernashivka I Settlement,748615745,Bernashivka,29,0.63,same (assistant review: same settlement)
Q43129517,Cetatea Aegyssus,216694,Aegyssus,935,0.67,"same (assistant review: same fortress, Aegyssus)"
Q136312582,Christian Basilica of Halmyris,282336654,Mănăstirea Halmyris,634,0.53,different (auto: similarity < 0.55 and > 300 m apart)
Q3411252,Pyramid G1-a,866839043,Pyramid of Khafre,671,0.69,different (assistant review: queen's pyramid vs Khafre pyramid)
Q3411254,Pyramid G1-d,866839043,Pyramid of Khafre,601,0.62,different (assistant review: queen's pyramid vs Khafre pyramid)
Q3411256,Pyramid G1-c,866839043,Pyramid of Khafre,645,0.62,different (assistant review: queen's pyramid vs Khafre pyramid)
Q175582,Egyptian pyramids,704360201,The Great Pyramid,933,0.65,different (assistant review: all pyramids vs one pyramid)
Q3613336,Giza Plateau,442962448,Giza,894,0.5,different (auto: similarity < 0.55 and > 300 m apart)
Q3775676,Clysma,727101,Clysma,2183,1.0,"same (auto: name equal within 5 km, or <= 500 m and similarity >= 0.65)"
Q3825160,Labyrinth of Egypt,736952,Labyrinthos,43,0.69,"same (auto: name equal within 5 km, or <= 500 m and similarity >= 0.65)"
Q29019,Dendera,786127,Tentyra,80,0.57,same (assistant review: Dendera = Tentyra)
Q587347,Pyramid G1-b,866839043,Pyramid of Khafre,655,0.62,different (assistant review: queen's pyramid vs Khafre pyramid)
Q3008796,Cynopolis,736949,Kynopolis/Sko/Euergetis,425,0.5,different (auto: similarity < 0.55 and > 300 m apart)
Q25389686,Pyramid G IIa,866839043,Pyramid of Khafre,272,0.67,"same (auto: name equal within 5 km, or <= 500 m and similarity >= 0.65)"
Q25389687,Pyramid G3-a,866839043,Pyramid of Khafre,606,0.69,different (assistant review: queen's pyramid vs Khafre pyramid)
Q25389690,Pyramid G IIIb,866839043,Pyramid of Khafre,617,0.58,different (assistant review: queen's pyramid vs Khafre pyramid)
Q25389709,Pyramid G IIIc,866839043,Pyramid of Khafre,630,0.58,different (assistant review: queen's pyramid vs Khafre pyramid)
Q2402239,Tell el-Kheleifeh,746754,Kheleifeh,704,0.69,same (assistant review: same tell)
Q4894815,Zawyet el-Maiyitin,474788358,Zawyet el-Maiyitin,2152,1.0,"same (auto: name equal within 5 km, or <= 500 m and similarity >= 0.65)"
Q5001976,Aphroditopolis,736889,Aphrodito(polis),951,0.97,same (assistant review: same Aphroditopolis)
Q336098,Abusir,195443086,Abu Sir,41,0.92,"same (auto: name equal within 5 km, or <= 500 m and similarity >= 0.65)"
Q390212,Lepsius-L Pyramid,412852520,Red Pyramid,631,0.64,different (assistant review: two different pyramids)
Q240579,Pyramid of Neferefre,112501803,Pyramid of Neferirkare,149,0.86,"same (auto: name equal within 5 km, or <= 500 m and similarity >= 0.65)"
Q1555589,Mastaba of Hesy-Re,916778615,Mastaba of Kagemni,843,0.67,different (assistant review: two different mastabas)
Q1574230,Unfinished Pyramid of Abusir,108282409,Pyramid of Sahure,325,0.62,different (assistant review: two different pyramids)
Q1432763,Lepidotonpolis,756591,Lepidoton Polis,4595,0.97,same (assistant review: same Lepidotonpolis)
Q676508,Dra' Abu el-Naga,318069073,Dra' Abu el-Naga',191,1.0,"same (auto: name equal within 5 km, or <= 500 m and similarity >= 0.65)"
Q9065064,Tomb of Sitre QV38,422247194,Tomb of Seti I,693,0.69,different (assistant review: two different tombs)
Q60841739,Tomb of Piay (TT406),517378627,Tomb of Mentuemhat (TT 34) ,191,0.64,different (assistant review: two different tombs)
Q1273879,Pyramid of Zawyet el-Maiyitin,474788358,Zawyet el-Maiyitin,16,0.77,"same (auto: name equal within 5 km, or <= 500 m and similarity >= 0.65)"
Q1306397,Precinct of Amun-Re,877521474,Temple of Amon (Karnak),85,0.54,same (assistant review: same Karnak Amun precinct)
Q11855049,Wadi al-Jarf,420811320,Wadi al-Jarf,2289,1.0,"same (auto: name equal within 5 km, or <= 500 m and similarity >= 0.65)"
Q855265,Biahmu,737013,Piamouei,121,0.57,same (assistant review: Biahmu = Piamouei)
Q997397,Bubasteion of Saqqara,892575223,Anubieion at Saqqarah,167,0.71,"same (auto: name equal within 5 km, or <= 500 m and similarity >= 0.65)"
Q1066424,Meidum,736958,Meidum,2280,1.0,"same (auto: name equal within 5 km, or <= 500 m and similarity >= 0.65)"
Q1146716,Mons Claudianus,766375,Klaudianon,28,0.56,same (assistant review: same quarry site)
Q2380546,Süddahschur-A-Pyramide,374122553,Black Pyramid,566,0.57,different (assistant review: two different pyramids)
Q11818430,Pyramid of Hawara,389338583,Pyramid of Amenemhat III,54,0.63,same (assistant review: Hawara pyramid is Amenemhat III's)
Q11931208,Latopolis,786059,Latopolis,437,1.0,"same (auto: name equal within 5 km, or <= 500 m and similarity >= 0.65)"
Q11940050,Panopolis,756613,Panopolis/Schmin,520,0.72,same (assistant review: same Panopolis)
Q12204786,Gabal an-Nur,736914,Gebel el-Nur,864,0.67,same (assistant review: same Gebel el-Nur)
Q23937663,Haram Senûsret III,2367889,Pyramid-complex of Senusret III,899,0.65,same (assistant review: same Senusret III pyramid)
Q23939130,Pyramid of Queen Udjebten,945930913,Pyramid of Khendjer,710,0.73,different (assistant review: two different pyramids)
Q133252506,Temple of Montu (Armant),844972185,Temple of Montu,81,0.79,"same (auto: name equal within 5 km, or <= 500 m and similarity >= 0.65)"
Q141266500,Tomb of Myt,422247194,Tomb of Seti I,507,0.72,different (assistant review: two different tombs)
Q137765853,Valley of the Three Pits,373939545,Valley of the Queens,387,0.77,"same (auto: name equal within 5 km, or <= 500 m and similarity >= 0.65)"
Q137765855,Valley of the Rope,373939545,Valley of the Queens,284,0.79,"same (auto: name equal within 5 km, or <= 500 m and similarity >= 0.65)"
Q140043879,Mortuary Temple of Amenhotep II,188894567,Mortuary Temple of Amenhotep III,850,0.98,different (assistant review: two different mortuary temples)
Q140138372,Mortuary Temple of Amenhotep I,188894567,Mortuary Temple of Amenhotep III,1828,0.97,different (assistant review: two different mortuary temples)
Q55831282,Tomb of Padineith (TT197),517378627,Tomb of Mentuemhat (TT 34) ,105,0.57,different (assistant review: two different tombs)
Q152449,Beit Shemesh,432223402,Beit Shemesh,1304,1.0,"same (auto: name equal within 5 km, or <= 500 m and similarity >= 0.65)"
Q165887,Emmaus,687891,Emmaus/Nicopolis,5,0.55,same (assistant review: same Emmaus)
Q534596,Tel Be'er Sheva,687846,Beer Sheva/Berosaba,74,0.59,same (assistant review: same Beersheba tell)
Q814450,Behbeit el-Hagara,727130,Behbeit el-Hagar,451,0.97,"same (auto: name equal within 5 km, or <= 500 m and similarity >= 0.65)"
Q167677,Yavne,687925,Iamneia,904,0.5,different (auto: similarity < 0.55 and > 300 m apart)
Q7056545,Tell Goded,738083701,Tell ej-Judeideh,34,0.62,same (assistant review: Tell Goded = Tell ej-Judeideh)
Q131921122,Metelis (Kom el-Ahmer),177924141,Kom el-Ahmer,17,0.73,"same (auto: name equal within 5 km, or <= 500 m and similarity >= 0.65)"
Q124371732,Qasrawet,688010,Qasrawet,2426,1.0,"same (auto: name equal within 5 km, or <= 500 m and similarity >= 0.65)"
Q2608946,Eleutheropolis,687854,Beth Govrin/Eleutheropolis,972,0.7,same (assistant review: same Eleutheropolis)
Q2916736,Timnah,925655548,Tel Batash (Timnah),137,0.5,same (assistant review: Timnah = Tel Batash)
Q12412086,Tel Bnei Brak,687847,Bene Beraq,903,0.52,different (auto: similarity < 0.55 and > 300 m apart)
Q26764589,Tel Ashkelon National Park,687839,Ashqelon/Ascalon,357,0.52,different (auto: similarity < 0.55 and > 300 m apart)
Q85990270,Tel Hashash,308048142,Tell Qasile,869,0.55,different (auto: similarity < 0.55 and > 300 m apart)
Q1466687,Gezer,687904,Gazara,128,0.55,same (assistant review: Gezer = Gazara)
Q1262502,Merimde culture,414082997,Merimde,514,0.64,different (assistant review: culture vs the site)
Q135678492,Tell el-Farkha,189900109,Tell el-Farkha,8,1.0,"same (auto: name equal within 5 km, or <= 500 m and similarity >= 0.65)"
Q2037692,Shivta,688030,Sobata,147,0.5,same (assistant review: Shivta = Sobata)
Q6903336,Teluliyot Batasḥi,925655548,Tel Batash (Timnah),134,0.63,different (assistant review: Neolithic site vs Tel Batash)
Q6980263,Be'er Shama,687864,Birsama,783,0.67,same (assistant review: Be'er Shama = Birsama)
Q26764655,Tel Ifshar,678411,Tel Hefer,207,0.63,same (assistant review: Tel Ifshar = Tel Hefer)
Q22991943,Nea Pafos,707586,(Nea) Paphos,180,0.8,"same (auto: name equal within 5 km, or <= 500 m and similarity >= 0.65)"
Q137384525,Tell Gamzu,687901,Gamzo,911,0.53,different (auto: similarity < 0.55 and > 300 m apart)
Q138018540,Kom el-Ahmer,177924141,Kom el-Ahmer,0,1.0,"same (auto: name equal within 5 km, or <= 500 m and similarity >= 0.65)"
Q139330146,House of the Gladiators at Kourion,932787931,Ancient theater of Kourion,598,0.53,different (auto: similarity < 0.55 and > 300 m apart)
Q53556398,House of Dionysus,474321362,House of Dionysos at Paphos,33,0.73,"same (auto: name equal within 5 km, or <= 500 m and similarity >= 0.65)"
Q70772384,Ancient theatre in Paphos,707586,(Nea) Paphos,794,0.61,different (assistant review: theatre vs the city)
Q82073722,Asclepieion in Paphos,707586,(Nea) Paphos,278,0.56,different (assistant review: Asklepieion vs the city)
Q28974154,Caesarea amphitheatre,791438655,Caesarea Mithraeum,921,0.72,different (assistant review: amphitheatre vs mithraeum)
Q82074122,Temple of Paphian Aphrodite,828989863,Sanctuary of Aphrodite Paphia,32,0.5,"different (default: kept separate, identity could not be determined; overwrite with your decision)"
Q99896666,Archaeological site of Kourio,932787931,Ancient theater of Kourion,23,0.58,different (assistant review: whole site vs theatre)
Q82074132,Temple of Apollo Hylates in Kourion,707476,"Apollo Hylates, T.",97,0.62,same (assistant review: same Apollo Hylates sanctuary)
Q104778117,Hermopolis Parva (7th nome),727123,Hermopolis Mikra,7,0.57,same (assistant review: same Hermopolis Parva)
Q105075290,Tamiathis,727235,Tamiathis,16,1.0,"same (auto: name equal within 5 km, or <= 500 m and similarity >= 0.65)"
Q110300838,Caesarea Hippodrome,791438655,Caesarea Mithraeum,407,0.65,different (assistant review: hippodrome vs mithraeum)
Q135315708,Merimde Beni Salama,414082997,Merimde,566,0.54,different (auto: similarity < 0.55 and > 300 m apart)
Q123754141,Ancient Gaza,687902,Gaza,24,0.5,same (assistant review: same ancient Gaza)
Q202974,Kanlıdivane,648663,*Kanytelis,63,0.53,same (assistant review: Kanlidivane = Kanytelis)
Q280782,Irenopolis,648627,Eirenopolis,0,0.95,"same (auto: name equal within 5 km, or <= 500 m and similarity >= 0.65)"
Q607993,Philadelphia (Cilicia),648736,Philadelpheia?,91,0.71,"same (auto: name equal within 5 km, or <= 500 m and similarity >= 0.65)"
Q1250866,Dorylaeum,609367,Dorylaion,0,0.67,"same (auto: name equal within 5 km, or <= 500 m and similarity >= 0.65)"
Q656882,Ariassos,638761,Ariassos,3277,1.0,"same (auto: name equal within 5 km, or <= 500 m and similarity >= 0.65)"
Q656904,Ariassus,638761,Ariassos,126,0.88,"same (auto: name equal within 5 km, or <= 500 m and similarity >= 0.65)"
Q863532,Binbirkilise,648587,Binbirkilise,4515,1.0,"same (auto: name equal within 5 km, or <= 500 m and similarity >= 0.65)"
Q15238616,Kitanaura,638923,Kitanaura,1090,1.0,"same (auto: name equal within 5 km, or <= 500 m and similarity >= 0.65)"
Q19568927,Idyros,638866,Idyros?,1378,1.0,"same (auto: name equal within 5 km, or <= 500 m and similarity >= 0.65)"
Q85742835,Ardistama,648568,Ardistama,2523,1.0,"same (auto: name equal within 5 km, or <= 500 m and similarity >= 0.65)"
Q85749301,Bruzus,609345,Brouzos,326,0.77,"same (auto: name equal within 5 km, or <= 500 m and similarity >= 0.65)"
Q85753832,Congustus,619190,Kongoustos/Congussus,971,0.55,"same (assistant review: same town, spelling variant)"
Q85754119,Corniaspa,619145,Corniaspa,1232,1.0,"same (auto: name equal within 5 km, or <= 500 m and similarity >= 0.65)"
Q85757231,Doara,619151,Doara,3632,1.0,"same (auto: name equal within 5 km, or <= 500 m and similarity >= 0.65)"
Q85783534,Mampsoukrenai,648704,Ma(m)psoukrenai,1227,0.93,"same (assistant review: same place, spelling variant)"
Q85787406,Myus,648715,Myous?/Myanda?,140,0.5,"different (default: kept separate, identity could not be determined; overwrite with your decision)"
Q85817057,Zemruta,619286,*Zemruta,3489,1.0,"same (auto: name equal within 5 km, or <= 500 m and similarity >= 0.65)"
Q7684869,Tapureli ruins,648788,Tapureli,532,0.73,same (assistant review: same ruins)
Q65122250,Kolbasa,638929,Kolbasa,407,1.0,"same (auto: name equal within 5 km, or <= 500 m and similarity >= 0.65)"
Q6017722,Nephelis,648720,Nephelis?,1333,1.0,"same (auto: name equal within 5 km, or <= 500 m and similarity >= 0.65)"
Q1434907,Aytap,648650,Iotape,175,0.55,same (assistant review: Aytap = Iotape)
Q1740798,Cibyra Mikra,638917,Kibyra Mikra,1506,0.92,"same (assistant review: same town, spelling variant)"
Q1779200,Vasada,639028,Ouasada,497,0.77,"same (auto: name equal within 5 km, or <= 500 m and similarity >= 0.65)"
Q6044801,Roman Road of Ankara,99394312,Column of Julian,117,0.5,different (assistant review: road vs column)
Q22987223,Enkomi,13818291,Enkomi,1785,1.0,"same (auto: name equal within 5 km, or <= 500 m and similarity >= 0.65)"
Q24886064,Isaura Nea,648651,Isaura (Nova)/Leontopolis,113,0.53,same (assistant review: same Isaura Nova)
Q51078176,Yeniyurt Castle,648806,Yeniyurt,728,0.7,"different (default: kept separate, identity could not be determined; overwrite with your decision)"
Q61829627,Uzuncaburç (Diokaesareia),648623,Diocaesarea,269,0.57,same (assistant review: same Diocaesarea)
Q65053888,Rhoscopus,639077,Rhixoupous/Rhouskopous,0,0.52,"same (assistant review: same place, same coordinates)"
Q366669,Adrasos,648549,Adrasos,2605,1.0,"same (auto: name equal within 5 km, or <= 500 m and similarity >= 0.65)"
Q1911958,Mavrovouni,707577,Mavrovounoi,1069,0.95,"different (default: kept separate, identity could not be determined; overwrite with your decision)"
Q16327588,Afentrika,707594,Ourania,582,0.5,different (auto: similarity < 0.55 and > 300 m apart)
Q28971098,Salamis amphitheatre,707617,Salamis/Konstantia,663,0.58,different (assistant review: amphitheatre vs the city)
Q56402260,Tremitunte,707636,Tremithous,25,0.7,"same (auto: name equal within 5 km, or <= 500 m and similarity >= 0.65)"
Q59771457,Greek Theatre of Termessos,71922376,Theater at Termessos,37,0.74,"same (auto: name equal within 5 km, or <= 500 m and similarity >= 0.65)"
Q60334580,Roman Theatre of Salamis,192519947,Roman theater at Salamis/Konstantia,6,0.71,"same (auto: name equal within 5 km, or <= 500 m and similarity >= 0.65)"
Q110661070,Midas Monument,792912223,so-called 'Midas Monument',44,0.72,"same (auto: name equal within 5 km, or <= 500 m and similarity >= 0.65)"
Q115421699,Aspendos Stadium,639497,Aspendos aqueduct,486,0.61,different (assistant review: stadium vs aqueduct)
Q115466378,Agora of Aspendos,439693240,Roman theater of Aspendos,325,0.67,"same (auto: name equal within 5 km, or <= 500 m and similarity >= 0.65)"
Q116671649,Agora of Side,199455018,Roman Theater of Side,105,0.59,different (assistant review: agora vs theatre)
Q116671699,State Agora of Side,199455018,Roman Theater of Side,243,0.65,"same (auto: name equal within 5 km, or <= 500 m and similarity >= 0.65)"
Q124617912,Ancient Side,199455018,Roman Theater of Side,84,0.55,different (assistant review: whole city vs theatre)
Q124618040,Temple of Mén (Side),199455019,Temple of Apollo (Side),121,0.78,"same (auto: name equal within 5 km, or <= 500 m and similarity >= 0.65)"
Q124618058,Nymphaeum of Side,199455018,Roman Theater of Side,532,0.63,different (assistant review: nymphaeum vs theatre)
Q124618113,Temple of Tyche (Side),199455019,Temple of Apollo (Side),608,0.74,different (assistant review: two different temples)
Q125698593,Odeion of Anemurium,648557,Anemurium,247,0.64,different (assistant review: odeon vs the city)
Q132182446,Midaion,609473,Midaion,1154,1.0,"same (auto: name equal within 5 km, or <= 500 m and similarity >= 0.65)"
Q132182494,Hamam Karahisar,162200478,Hamamkarahisar Mosque,145,0.78,"same (auto: name equal within 5 km, or <= 500 m and similarity >= 0.65)"
Q132182719,Kınık Höyük,707263269,Kınık Höyük,1591,1.0,"same (auto: name equal within 5 km, or <= 500 m and similarity >= 0.65)"
Q132182746,Stectorium,609535,Stektorion,407,0.7,"same (auto: name equal within 5 km, or <= 500 m and similarity >= 0.65)"
Q133235992,Olympos Akropolü,639017,Olympus/Hadrianopolis,271,0.7,"same (auto: name equal within 5 km, or <= 500 m and similarity >= 0.65)"
Q133236011,Apollonia (Ulurborlu),638758,Apollonia/Mordiaion/Sozopolis,544,0.53,different (auto: similarity < 0.55 and > 300 m apart)
Q133236711,Örentepe (Bucak),639020,Ören tepe,831,0.67,"different (default: kept separate, identity could not be determined; overwrite with your decision)"
Q134405694,Keraitae,638913,*Keraia,253,0.86,"same (auto: name equal within 5 km, or <= 500 m and similarity >= 0.65)"
Q134728168,Termessos Heroön,639139,Termessos,149,0.72,"same (auto: name equal within 5 km, or <= 500 m and similarity >= 0.65)"
Q134960776,Musular Höyüğü,503406424,Aşıklı Höyük,415,0.58,different (assistant review: two different mounds)
Q135581872,Prymnessos Theater,609511,Prymnessos,544,0.71,different (assistant review: theatre vs the city)
Q135581873,Apameia Kibotos Theater,638751,Apamea/Kelainai/Kibotos,419,0.65,"same (auto: name equal within 5 km, or <= 500 m and similarity >= 0.65)"
Q135582226,Pessinus Theater,609500,Pessinous/Iustinianoupolis,365,0.52,different (auto: similarity < 0.55 and > 300 m apart)
Q135582467,Aspendos Pazaryeri,638776,Aspendos/Primoupolis,142,0.63,different (assistant review: market vs the city)
Q135582474,Anemurium Theater,648557,Anemurium,222,0.69,"same (auto: name equal within 5 km, or <= 500 m and similarity >= 0.65)"
Q135582478,Soloi Pompeipolis Theater,648781,Soloi/Pompeiopolis,616,0.79,different (assistant review: theatre vs the city)
Q135582479,Olba Theater,761048528,Olba Monastery,444,0.69,"same (auto: name equal within 5 km, or <= 500 m and similarity >= 0.65)"
Q135582476,Seleucia Theater,648771,Seleucia ad Calycadnum/Tracheia,527,0.55,different (assistant review: theatre vs the city)
Q135582480,Elaiussa Sebaste Theater,648628,Elaioussa/Sebaste,168,0.78,"same (auto: name equal within 5 km, or <= 500 m and similarity >= 0.65)"
Q135582481,Diokaisareia Theater,648623,Diocaesarea,175,0.58,different (assistant review: theatre vs the city)
Q135582483,Antiochia Theater,609307,Antiochia/Col. Caesarea,151,0.6,different (assistant review: theatre vs the city)
Q135582496,Syedra Theater,648783,Syedra,98,0.6,different (assistant review: theatre vs the city)
Q135582498,Sillyon Theater,639109,Sillyon,147,0.64,different (assistant review: theatre vs the city)
Q135582484,Adada Theater,638733,Adada,16,0.56,different (assistant review: theatre vs the city)
Q135582499,Selge Theater,639100,Selge,441,0.56,different (assistant review: theatre vs the city)
Q135582502,Olympos Theater,639017,Olympus/Hadrianopolis,7,0.56,different (assistant review: theatre vs the city)
Q135582500,Sagalassos Theater,639087,Sagalassos,903,0.71,different (assistant review: theatre vs the city)
Q135582501,Rhodiapolis Theater,523291014,Rhodopolis Ancient Theater,8,0.76,"same (auto: name equal within 5 km, or <= 500 m and similarity >= 0.65)"
Q135582506,Kitanaura Theater,638923,Kitanaura,130,0.69,"same (auto: name equal within 5 km, or <= 500 m and similarity >= 0.65)"
Q135582507,Idebessos Theater,638865,Idebessos,84,0.69,"same (auto: name equal within 5 km, or <= 500 m and similarity >= 0.65)"
Q135582508,Arykanda Theater,638769,Arykanda,139,0.67,"same (auto: name equal within 5 km, or <= 500 m and similarity >= 0.65)"
Q135960634,Gordion Tumulus T26,434885832,Tumulus MM,451,0.55,different (assistant review: different Gordion tumulus)
Q135960650,Gordion Tumulus I,434885832,Tumulus MM,783,0.59,different (assistant review: different Gordion tumulus)
Q135960654,Gordion Tumulus G,434885832,Tumulus MM,633,0.59,different (assistant review: different Gordion tumulus)
Q135960652,Gordion Tumulus H,434885832,Tumulus MM,783,0.59,different (assistant review: different Gordion tumulus)
Q135960655,Gordion Tumulus F,434885832,Tumulus MM,661,0.59,different (assistant review: different Gordion tumulus)
Q135960656,Gordion Tumulus E,434885832,Tumulus MM,608,0.59,different (assistant review: different Gordion tumulus)
Q135960658,Gordion Tumulus B,434885832,Tumulus MM,638,0.59,different (assistant review: different Gordion tumulus)
Q135960659,Gordion Tumulus C,434885832,Tumulus MM,588,0.59,different (assistant review: different Gordion tumulus)
Q135960668,Gordion Tumulus D,434885832,Tumulus MM,562,0.59,different (assistant review: different Gordion tumulus)
Q135960677,Gordion Tumulus U,434885832,Tumulus MM,492,0.59,different (assistant review: different Gordion tumulus)
Q135960678,Gordion Tumulus K-V,434885832,Tumulus MM,502,0.55,different (assistant review: different Gordion tumulus)
Q135960679,Gordion Tumulus X,434885832,Tumulus MM,319,0.59,different (assistant review: different Gordion tumulus)
Q135960682,Gordion Tumulus Y,434885832,Tumulus MM,406,0.59,different (assistant review: different Gordion tumulus)
Q135960692,Gordion Tumulus 2,434885832,Tumulus MM,601,0.59,different (assistant review: different Gordion tumulus)
Q135960693,Gordion Tumulus K-I,434885832,Tumulus MM,690,0.55,different (assistant review: different Gordion tumulus)
Q135960695,Gordion Tumulus T29,434885832,Tumulus MM,300,0.55,different (assistant review: different Gordion tumulus)
Q135960696,Gordion Tumulus T31,434885832,Tumulus MM,537,0.55,different (assistant review: different Gordion tumulus)
Q135960697,Gordion Tumulus T32,434885832,Tumulus MM,370,0.55,different (assistant review: different Gordion tumulus)
Q135960709,Gordion Tumulus T6,434885832,Tumulus MM,501,0.57,different (assistant review: different Gordion tumulus)
Q135960710,Gordion Tumulus P,434885832,Tumulus MM,240,0.59,different (assistant review: different Gordion tumulus)
Q137170053,Astra,648576,*Astra,2430,1.0,"same (auto: name equal within 5 km, or <= 500 m and similarity >= 0.65)"
Q137761641,Temple of Augustus in Antioch in Pisidia,588333103,"Augusteum, Antioch in Pisidia",46,0.78,"same (auto: name equal within 5 km, or <= 500 m and similarity >= 0.65)"
Q137767044,Antioch in Pisidia Nymphaeum,588333103,"Augusteum, Antioch in Pisidia",340,0.63,different (assistant review: nymphaeum vs Augusteum)
Q137767061,Antioch in Pisidia Roman Bath,588333103,"Augusteum, Antioch in Pisidia",503,0.62,different (assistant review: baths vs Augusteum)
Q137769492,Arykanda Bouleuterion,638769,Arykanda,169,0.55,different (assistant review: bouleuterion vs the city)
Q137769554,Arykanda Basilica,638770,Arykanda,171,0.64,different (assistant review: basilica vs the city)
Q137769806,State Agora of Arykanda,727686421,Theater at Arykanda,56,0.71,"same (auto: name equal within 5 km, or <= 500 m and similarity >= 0.65)"
Q139418510,Adamkayalar Akropolisi,429204517,Adamkayalar,111,0.67,"same (auto: name equal within 5 km, or <= 500 m and similarity >= 0.65)"
Q139423616,Yalburt Höyüğü,916747330,Yalburt Hittite sanctuary,410,0.51,different (auto: similarity < 0.55 and > 300 m apart)
Q139427481,Tümülüs 5 (Gordion),434885832,Tumulus MM,517,0.57,different (assistant review: different Gordion tumulus)
Q139427484,Tümülüs 4 (Gordion),434885832,Tumulus MM,459,0.57,different (assistant review: different Gordion tumulus)
Q139427486,Tümülüs 3 (Gordion),434885832,Tumulus MM,336,0.57,different (assistant review: different Gordion tumulus)
Q139427704,Syedra Nekropolisi,648783,Syedra,219,0.5,different (assistant review: necropolis vs the city)
Q139427723,Syedra Heroonu,648783,Syedra,32,0.6,different (assistant review: heroon vs the city)
Q139427731,Syedra Akropolisi,648783,Syedra,149,0.52,different (assistant review: acropolis vs the city)
Q139427839,Marassa,648705,Marassa,2603,1.0,"same (auto: name equal within 5 km, or <= 500 m and similarity >= 0.65)"
Q139429288,Sillyon Stadyum,639109,Sillyon,425,0.64,different (assistant review: stadium vs the city)
Q139429557,Ankyra Stadionu,619103,Ancyra (Galatia),685,0.53,different (auto: similarity < 0.55 and > 300 m apart)
Q139429677,Ankyra Akropolisi,619103,Ancyra (Galatia),141,0.56,different (assistant review: acropolis vs the city)
Q139429762,Nymphaeum (Ankara),619103,Ancyra (Galatia),371,0.5,different (auto: similarity < 0.55 and > 300 m apart)
Q139431270,Olympos Kuzey Nekropol,639017,Olympus/Hadrianopolis,211,0.56,different (assistant review: necropolis vs the city)
Q139432175,Kelenderis Akropolis,648596,Celenderis,86,0.6,different (assistant review: acropolis vs the city)
Q139432178,Anemurium Akropolü,648557,Anemurium,548,0.67,different (assistant review: acropolis vs the city)
Q139432183,Anemurium Nekropol,648557,Anemurium,160,0.67,"same (auto: name equal within 5 km, or <= 500 m and similarity >= 0.65)"
Q139432771,Magydus,638980,Magydos,409,0.86,"same (auto: name equal within 5 km, or <= 500 m and similarity >= 0.65)"
Q139433482,Agria,638735,[Agrai],531,0.8,"different (default: kept separate, identity could not be determined; overwrite with your decision)"
Q139433519,Poğla,639066,Pogla,2006,1.0,"same (auto: name equal within 5 km, or <= 500 m and similarity >= 0.65)"
Q139431296,Arykanda Batı Villası,638770,Arykanda,270,0.59,different (assistant review: villa vs the city)
Q139431298,Arykanda Doğu Villası,638770,Arykanda,217,0.57,different (assistant review: villa vs the city)
Q139431300,Arykanda Akropolis,638769,Arykanda,237,0.62,different (assistant review: acropolis vs the city)
Q139431302,Arykanda Pierus Villası,638770,Arykanda,204,0.53,different (assistant review: villa vs the city)
Q139431553,Pisourgia,648738,Pisourgia,1116,1.0,"same (auto: name equal within 5 km, or <= 500 m and similarity >= 0.65)"
Q139431614,Phaselis Akropolü,639051,Phaselis,129,0.64,different (assistant review: acropolis vs the city)
Q139436655,Olba Villa Rustika,649306,Olba Aqueduct,264,0.52,different (assistant review: villa vs aqueduct)
Q139436659,Olba Nymphaeum,649306,Olba Aqueduct,324,0.59,different (assistant review: nymphaeum vs aqueduct)
Q139437346,Alahan,648553,Alahan,189,1.0,"same (auto: name equal within 5 km, or <= 500 m and similarity >= 0.65)"
Q139437347,Arsinoe,648571,Arsinoe,789,1.0,"same (auto: name equal within 5 km, or <= 500 m and similarity >= 0.65)"
Q140421957,Mithraeum of Perge,670644868,Stadium of Perge,113,0.71,"same (auto: name equal within 5 km, or <= 500 m and similarity >= 0.65)"
Q139436427,Sagalassos Çeşme,639087,Sagalassos,773,0.77,different (assistant review: fountain vs the city)
Q139436430,Sagalassos Stadium,639087,Sagalassos,530,0.71,different (assistant review: stadium vs the city)
Q139436435,Sagalassos Macellum,639087,Sagalassos,575,0.69,different (assistant review: macellum vs the city)
Q139436436,Sagalassos Severuslar Çeşmesi,639087,Sagalassos,489,0.51,different (auto: similarity < 0.55 and > 300 m apart)
Q139436438,Sagalassos Heroon,639087,Sagalassos,572,0.74,different (assistant review: heroon vs the city)
Q139436482,Termessos Güney Nekropolü,639139,Termessos,415,0.53,different (auto: similarity < 0.55 and > 300 m apart)
Q139436484,Termessos Batı Nekropolü,639139,Termessos,111,0.56,different (assistant review: necropolis vs the city)
Q139436485,Termessos Kuzey Nekropolü,639139,Termessos,724,0.53,different (auto: similarity < 0.55 and > 300 m apart)
Q139436493,Selge Stadyumu,639100,Selge,288,0.53,different (assistant review: stadium vs the city)
Q139436656,Olba Doğu Nekropol,761048528,Olba Monastery,134,0.56,different (assistant review: necropolis vs monastery)
Q139436669,Diokaisareia Nymphaeum,648623,Diocaesarea,159,0.55,different (assistant review: nymphaeum vs the city)
Q139436674,Diokaisareia Nekropolü,648623,Diocaesarea,729,0.55,different (auto: similarity < 0.55 and > 300 m apart)
Q139436710,Olympos Güney Nekropolü,639017,Olympus/Hadrianopolis,236,0.55,different (assistant review: necropolis vs the city)
Q139437151,Philomelion,609501,Philomelion,1214,1.0,"same (auto: name equal within 5 km, or <= 500 m and similarity >= 0.65)"
Q139437158,Charadros Ören Yeri,648597,Charadros,450,0.64,same (assistant review: same ruin site)
Q139437176,Aspendos Nymphaeum,639497,Aspendos aqueduct,559,0.69,different (assistant review: nymphaeum vs aqueduct)
Q139437179,Perge Stadyum,639048,Perge,554,0.56,different (assistant review: stadium vs the city)
Q139436221,Arykanda Doğu Nekropolü,638770,Arykanda,248,0.52,different (assistant review: necropolis vs the city)
Q139436224,Arykanda Stadion,638769,Arykanda,170,0.67,"same (auto: name equal within 5 km, or <= 500 m and similarity >= 0.65)"
Q139436388,Mylai Ören Yeri,648714,Mylai,552,0.5,different (auto: similarity < 0.55 and > 300 m apart)
Q322910,Abonuteichos,844847,Abonouteichos/Ionopolis,0,0.69,"same (auto: name equal within 5 km, or <= 500 m and similarity >= 0.65)"
Q65050991,Embolos,844915,Embolos,1283,1.0,"same (auto: name equal within 5 km, or <= 500 m and similarity >= 0.65)"
Q85774751,Kobara,844988,*Kobara,1974,1.0,"same (auto: name equal within 5 km, or <= 500 m and similarity >= 0.65)"
Q85817037,Zeita,845097,*Zeita,3591,1.0,"same (auto: name equal within 5 km, or <= 500 m and similarity >= 0.65)"
Q66361255,Antoniopolis,844861,Antoniopolis,4085,1.0,"same (auto: name equal within 5 km, or <= 500 m and similarity >= 0.65)"
Q85741449,Anadynata,844858,Anadynata,3287,1.0,"same (auto: name equal within 5 km, or <= 500 m and similarity >= 0.65)"
Q4240274,Aluston Fortress,176176629,Alouston,577,0.58,"same (assistant review: same fortress, Alouston)"
Q21095134,Lampas,226675,Lampas,1602,1.0,"same (auto: name equal within 5 km, or <= 500 m and similarity >= 0.65)"
Q135582650,Tios Theater,845084,Tios/Tieion,417,0.61,different (assistant review: theatre vs the city)
Q135582653,Amastris Theater,844856,Amastris/Sesamos,500,0.69,"same (auto: name equal within 5 km, or <= 500 m and similarity >= 0.65)"
Q139434552,Antoniopolis,844861,Antoniopolis,2119,1.0,"same (auto: name equal within 5 km, or <= 500 m and similarity >= 0.65)"
Q29788263,Ophiusa,226800,Tyras/Ophioussa,25,0.64,same (assistant review: Ophiusa = Tyras/Ophioussa)
Q27365,Tayma,814739,Thaima,523,0.73,same (assistant review: Tayma = Thaima)
Q16121226,Humayma,515107188,Humayma Roman Fort,365,0.56,different (assistant review: town vs Roman fort)
Q1021610,Dedan,814671,Dedan/al-'Ula,757,0.59,same (assistant review: same Dedan)
Q2916430,Shimron,678392,Shimron/Simonias,683,0.61,same (assistant review: same Shimron)
Q218016,Zoara,697768,Zoara,2947,1.0,"same (auto: name equal within 5 km, or <= 500 m and similarity >= 0.65)"
Q248002,Susya,688035,Susiya,1840,0.91,"different (default: kept separate, identity could not be determined; overwrite with your decision)"
Q2920206,Taanach,678418,Tha'anach,181,0.88,"same (auto: name equal within 5 km, or <= 500 m and similarity >= 0.65)"
Q2943294,Cave of Horror,363078283,Cave of Letters,929,0.62,different (assistant review: two different caves)
Q3157009,Amman Citadel,697728,Amman/Philadelpheia,41,0.69,"same (auto: name equal within 5 km, or <= 500 m and similarity >= 0.65)"
Q1226916,Capitolias,678224,Kapitolias,12,0.9,"same (auto: name equal within 5 km, or <= 500 m and similarity >= 0.65)"
Q1250874,Aelia Capitolina,687928,Ierusalem/Hierosolyma/Col. Aelia Capitolina,408,0.54,different (auto: similarity < 0.55 and > 300 m apart)
Q15726304,Old City of Jerusalem and its Walls,973646718,"Second Temple, Jerusalem",325,0.51,different (auto: similarity < 0.55 and > 300 m apart)
Q4811090,Kfar Bar'am,678048,Bar'am,250,0.71,"same (auto: name equal within 5 km, or <= 500 m and similarity >= 0.65)"
Q15216819,Eshtemoa synagogue,687897,Eshthemoa,313,0.59,different (assistant review: synagogue vs the town)
Q15252573,Mdoukha,944582489,Mdoukha,1722,1.0,"same (auto: name equal within 5 km, or <= 500 m and similarity >= 0.65)"
Q48727440,Temple of Zeus Hypsistos,581528584,Temple of Thelsae,3,0.59,same (assistant review: Dmeir Zeus temple = Thelsae temple)
Q2906823,Robinson's Arch,62813056,Wilson's Arch,153,0.79,"same (auto: name equal within 5 km, or <= 500 m and similarity >= 0.65)"
Q6989380,En Esur,875060626,Tell Esur,15,0.75,"same (auto: name equal within 5 km, or <= 500 m and similarity >= 0.65)"
Q7267046,"Qasr el Banat, Lebanon",668344,Qasr el-Banat,24,0.74,"same (auto: name equal within 5 km, or <= 500 m and similarity >= 0.65)"
Q65088875,Beit Shearim,929943122,Beit She’arim,172,1.0,"same (auto: name equal within 5 km, or <= 500 m and similarity >= 0.65)"
Q65202798,Philadelphia,697728,Amman/Philadelpheia,576,0.77,same (assistant review: Philadelphia = Amman)
Q90309498,Orthosias in Phoenicia,668325,Orthosia,690,0.53,different (auto: similarity < 0.55 and > 300 m apart)
Q104156248,"Roman Baths, Amman",456828744,Roman theater at Amman/Philadelpheia,175,0.56,different (assistant review: baths vs theatre)
Q123735015,Temple of Venus in Jerusalem,969121824,"Cathedral of St. James, Jerusalem",427,0.66,"same (auto: name equal within 5 km, or <= 500 m and similarity >= 0.65)"
Q5687,Jericho,687917,Jericho,2439,1.0,"same (auto: name equal within 5 km, or <= 500 m and similarity >= 0.65)"
Q60305,Tower of Jericho,687917,Jericho,33,0.61,different (assistant review: tower vs whole Jericho)
Q6593991,Hurvat Mezad,687920,Horvat Mezad,2049,0.92,"same (assistant review: same site, transliteration variant)"
Q2469418,Kursi,678093,Chorsia,251,0.5,same (assistant review: Kursi = Chorsia)
Q2900794,Temple of Ein Gedi,196074068,'Ein Gedi,26,0.62,different (assistant review: temple vs the oasis site)
Q2901206,Usha,678445,Usha,1413,1.0,"same (auto: name equal within 5 km, or <= 500 m and similarity >= 0.65)"
Q6401772,Khirbet ed-Dharih,697683,Khirbet ed-Dharih,1633,1.0,"same (auto: name equal within 5 km, or <= 500 m and similarity >= 0.65)"
Q6530366,stelae of Nahr el-Kalb,2970016,Nahr al-Kalb monuments,278,0.5,same (assistant review: same Nahr el-Kalb monuments)
Q20083909,Naaran,687981,Na'aran/Neara,713,0.63,same (assistant review: same Naaran)
Q20502583,Horvat Eqed,790144354,Khirbet el-ʿAqd,35,0.56,"same (assistant review: same ruin, Hebrew vs Arabic)"
Q829310,Berytus,339099444,Beirut Souks,376,0.63,different (assistant review: ancient city vs souks)
Q889398,Gibeon,687900,Gabaon,258,0.67,"same (auto: name equal within 5 km, or <= 500 m and similarity >= 0.65)"
Q3303084,Kiriath-Jearim,687947,Kiriath Ye'arim/Kariathiareim,596,0.6,same (assistant review: same Kiriath-Jearim)
Q3571482,Yammoune,668399,Yammune,2469,0.93,"same (assistant review: same village, spelling variant)"
Q12407388,Deir Sam'an,687881,Deir el Qal'a,403,0.67,"same (auto: name equal within 5 km, or <= 500 m and similarity >= 0.65)"
Q12408891,Modi'im,687977,Modiin,694,0.77,same (assistant review: same Modiin)
Q206239,Citadel of Bosra,188349326,Roman Theater at Bosra,12,0.53,different (assistant review: citadel vs theatre)
Q1427467,Flavia Neapolis,678301,Neapolis,319,0.7,"same (auto: name equal within 5 km, or <= 500 m and similarity >= 0.65)"
Q2294023,Cypros,687949,Kypros/Threx?,543,0.56,same (assistant review: same Herodian fortress)
Q4449159,Taanach,678418,Tha'anach,102,0.88,"same (auto: name equal within 5 km, or <= 500 m and similarity >= 0.65)"
Q6983511,Dir-Qala,687881,Deir el Qal'a,981,0.76,"same (assistant review: same site, spelling variant)"
Q6986308,Tel Ayalon,687817,Aialon,837,0.62,"different (default: kept separate, identity could not be determined; overwrite with your decision)"
Q11939555,Ornithopolis,678000,‘Ad Nonum’/Ornithon Polis?,795,0.69,same (assistant review: same Ornithopolis)
Q11951107,Tel Malhata,687960,Malatha,409,0.56,same (assistant review: Tel Malhata = Malatha)
Q14524645,temples of Baalbek,524305133,Temple of Bacchus,174,0.69,"same (auto: name equal within 5 km, or <= 500 m and similarity >= 0.65)"
Q16331745,Tyre,697757,Tyrus,409,0.67,"same (auto: name equal within 5 km, or <= 500 m and similarity >= 0.65)"
Q20669920,Rogem Safir,688017,Rogem Zafir,1958,0.91,"same (assistant review: same site, transliteration variant)"
Q21234360,"Funerary Temple, Palmyra",267069707,Temple of Nabu at Palmyra,924,0.61,different (assistant review: two different temples)
Q56255271,Qasr al Hallabat,697737,Qasr el-Hallabat,11,0.94,"same (auto: name equal within 5 km, or <= 500 m and similarity >= 0.65)"
Q56258896,Roman theatre of Sebastia,678370,Samaria/Sebaste,112,0.5,different (assistant review: theatre vs the city)
Q31807507,Kharâyeb el Knaïssé,678242,Khirbet el-Knese,366,0.69,"same (auto: name equal within 5 km, or <= 500 m and similarity >= 0.65)"
Q47466657,Ramat Rachel Archeological Park,671109966,Ramat Raḥel,199,0.52,same (assistant review: same Ramat Rahel)
Q63241995,Gadara West Theatre,678142,Gadara/Pompeia,83,0.55,different (assistant review: theatre vs the city)
Q68122013,Eastern baths in Gerasa,276676983,South Theater (Jerash),561,0.5,different (auto: similarity < 0.55 and > 300 m apart)
Q68122040,Therme - Gerasa,276676983,South Theater (Jerash),739,0.56,different (assistant review: baths vs theatre)
Q69130677,Rafniye,668350,Raphaneai,0,0.5,same (assistant review: Rafniye = Raphaneai)
Q82074217,Nymphaeum of Gerasa,491624943,Macellum (Jerash),233,0.63,different (assistant review: nymphaeum vs macellum)
Q92277123,Ptolemais in Phoenicia,678010,Ake/Ptolemais,270,0.51,same (assistant review: same Ptolemais (Akko))
Q105825446,Rujm Beni Yasser,697744,Rujm Beni Yasser,1442,1.0,"same (auto: name equal within 5 km, or <= 500 m and similarity >= 0.65)"
Q128225683,Temple of Pan at Banias,872106931,Sanctuary of Pan at Paneas,12,0.65,"same (auto: name equal within 5 km, or <= 500 m and similarity >= 0.65)"
Q134065222,Khirbat Bir Madkur,697644,Bir Madkhur,734,0.69,"same (assistant review: same site, spelling variant)"
Q206231,Citadel of Aleppo,964860496,Great Mosque of Aleppo,507,0.62,different (assistant review: citadel vs mosque)
Q1030058,Shaizar,668292,Larissa/Sizara,161,0.57,same (assistant review: Shaizar = Larissa/Sizara)
Q67574509,Nicopolis (Cilicia),658547,Nicopolis,126,0.67,"same (auto: name equal within 5 km, or <= 500 m and similarity >= 0.65)"
Q85742662,Archalla,628930,Archalla,4114,1.0,"same (auto: name equal within 5 km, or <= 500 m and similarity >= 0.65)"
Q85805217,Tardequeia,658610,Tardequeia,1047,1.0,"same (auto: name equal within 5 km, or <= 500 m and similarity >= 0.65)"
Q114201606,Tell Hadidi,668140349,Tell es-Sweyhat,102,0.54,different (assistant review: two different tells)
Q1151606,Nevalı Çori,279761117,Nevalı Çori,2107,1.0,"same (auto: name equal within 5 km, or <= 500 m and similarity >= 0.65)"
Q16629469,Jebel Aruda,175519818,Jabal ‘Ārūdah,49,0.78,"same (auto: name equal within 5 km, or <= 500 m and similarity >= 0.65)"
Q6017381,Harput Castle,217446454,Harput,35,0.63,"different (default: kept separate, identity could not be determined; overwrite with your decision)"
Q6026101,Gaziantep Castle,534964140,Gaziantep,681,0.72,"different (default: kept separate, identity could not be determined; overwrite with your decision)"
Q8195601,Kharpoot,217446454,Harput,635,0.71,same (assistant review: Kharpoot = Harput)
Q1528589,Oylum Höyük,275382665,Oylum,111,0.62,same (assistant review: same mound)
Q797416,Ba'uda,488293484,Ba’uda,1097,0.91,same (assistant review: same site)
Q1159200,Dana (north),858843277,Dāna,483,0.53,different (auto: similarity < 0.55 and > 300 m apart)
Q1217141,Nesa,58129442,Kaneš,373,0.67,"same (auto: name equal within 5 km, or <= 500 m and similarity >= 0.65)"
Q7362208,Roman Theatre at Apamea,810734825,Cardo Maximus (Apamea),545,0.55,different (auto: similarity < 0.55 and > 300 m apart)
Q56388233,Kaniş,58129442,Kaneš,328,0.8,"same (auto: name equal within 5 km, or <= 500 m and similarity >= 0.65)"
Q70772366,Theatre in Apamea,668335,Pella/Apamea,857,0.62,different (assistant review: theatre vs the city)
Q132182721,Kululu,543726022,Kululu Kalesi,251,0.63,"different (default: kept separate, identity could not be determined; overwrite with your decision)"
Q134611641,Sefer Tepe,245438984,Göbekli Tepe,32,0.55,different (assistant review: two different sites)
Q134960913,Akarçay Höyük,968351378,Akarçay Tepe Höyük,379,0.84,"same (auto: name equal within 5 km, or <= 500 m and similarity >= 0.65)"
Q135582477,Hierapolis Kastabala Theater,658481,Hierapolis/Kastabala,125,0.83,"same (auto: name equal within 5 km, or <= 500 m and similarity >= 0.65)"
Q135582853,Zeugma Theater,658636,Zeugma,391,0.6,different (assistant review: theatre vs the city)
Q140421903,Mount Nemrut Dağı,658544,Nemrut Dağ,406,0.77,"same (auto: name equal within 5 km, or <= 500 m and similarity >= 0.65)"
Q137170024,Arbissos,628925,Arabissos/Tripotamos,548,0.57,same (assistant review: Arbissos = Arabissos)
Q137170029,Rhosos,658585,Rhosos,842,1.0,"same (auto: name equal within 5 km, or <= 500 m and similarity >= 0.65)"
Q137170057,Alexandria on Issos,658371,Alexandria ad Issum,843,0.79,same (assistant review: same Alexandria ad Issum)
Q139429449,Zeugma Akropolis,658636,Zeugma,650,0.55,different (auto: similarity < 0.55 and > 300 m apart)
Q139431221,Magarsus Stadion,836258799,Magarsus Theater,381,0.69,"same (auto: name equal within 5 km, or <= 500 m and similarity >= 0.65)"
Q139432672,Tharsa,658617,T(h)arsa,7,0.86,"same (auto: name equal within 5 km, or <= 500 m and similarity >= 0.65)"
Q386756,Qarqar,995604669,Tell Qarqur,70,0.59,same (assistant review: Qarqar = Tell Qarqur)
Q4160326,Sis,34546779,Sissû,731,0.75,same (assistant review: Sis = Sissu)
Q11738756,Kerasus,857185,Kerasous/Pharnakeia,0,0.54,same (assistant review: same Kerasous)
Q65047422,Garzoubanthon,857132,Garzoubanthon/Orgibate,0,0.74,"same (auto: name equal within 5 km, or <= 500 m and similarity >= 0.65)"
Q65048836,Ameletos,857020,Ameletos/Camila,723,0.7,same (assistant review: same Ameletos)
Q3140708,Horoztepe,443243858,Horoztepe,2808,1.0,"same (auto: name equal within 5 km, or <= 500 m and similarity >= 0.65)"
Q4070684,Gorgippia Museum,825265,Gorgippia/Sindikos Limen,234,0.6,different (assistant review: museum vs the city)
Q131902112,Kotyora,857200,Kotyora,1890,1.0,"same (auto: name equal within 5 km, or <= 500 m and similarity >= 0.65)"
Q23742,Gorgippia,825265,Gorgippia/Sindikos Limen,210,0.55,same (assistant review: same Gorgippia)
Q137170025,Hermonassa,857159,Hermonassa,4405,1.0,"same (auto: name equal within 5 km, or <= 500 m and similarity >= 0.65)"
Q137170082,Zela,857382,Zela,138,1.0,"same (auto: name equal within 5 km, or <= 500 m and similarity >= 0.65)"
Q139430782,Horoztepe Nekropolü,443243858,Horoztepe,353,0.64,"different (default: kept separate, identity could not be determined; overwrite with your decision)"
Q139432223,Tirebolu,857360,Tripolis,399,0.5,different (auto: similarity < 0.55 and > 300 m apart)
Q11940251,Parthenion,854721,Parthenion,2403,1.0,"same (auto: name equal within 5 km, or <= 500 m and similarity >= 0.65)"
Q134691244,Theodosia,854743,Theodosia,746,1.0,"same (auto: name equal within 5 km, or <= 500 m and similarity >= 0.65)"
Q4059785,"Akra, Crimea",854663,Akra,203,0.5,same (assistant review: same Akra)
Q4458363,Titchikha hillfort,854021843,Titchikha Hillfort,1510,1.0,"same (auto: name equal within 5 km, or <= 500 m and similarity >= 0.65)"
Q1939641,"Mithraeum, Dura-Europos",451190268,Citadel of Dura-Europos,585,0.78,different (assistant review: mithraeum vs citadel)
Q100329356,Babylon,893951,Babylon,800,1.0,"same (auto: name equal within 5 km, or <= 500 m and similarity >= 0.65)"
Q121302024,House M7-B,888638042,House X7-B,3186,0.9,different (assistant review: two different houses)
Q121302025,House M7-E,928161013,House M7-W,37,0.9,"same (auto: name equal within 5 km, or <= 500 m and similarity >= 0.65)"
Q115628137,"odeon, Temple of Artemis Nanaia",888638010,Temple of Artemis Nanaia,112,0.87,"same (auto: name equal within 5 km, or <= 500 m and similarity >= 0.65)"
Q116621953,"Block D5, Dura-Europos",129809445,Tower 1 (Dura-Europos),797,0.74,different (assistant review: block vs tower)
Q121301954,House D5-F,888638025,House K5-A,597,0.8,different (assistant review: two different houses)
Q121301960,House G1-A,888638023,House J1-A,387,0.9,"same (auto: name equal within 5 km, or <= 500 m and similarity >= 0.65)"
Q605408,Bastam Citadel,874396,Bastam,428,0.6,same (assistant review: same Urartian fortress)
Q20031993,Tal Afar Citadel,874720,Tel Afar/Ad Pontem?,970,0.65,"different (default: kept separate, identity could not be determined; overwrite with your decision)"
Q22935924,Tell Taban,874754,Tell Taban/[Tabite]/Thebet(h)a?,5,0.53,same (assistant review: same tell)
Q38251069,Tell Tuneinir,447680270,Tall ‘Atij,960,0.55,different (auto: similarity < 0.55 and > 300 m apart)
Q104874183,Khinnis Reliefs,641191183,Ḫinis,541,0.5,different (auto: similarity < 0.55 and > 300 m apart)
Q107330417,Erzurum Castle,874373,Erzurum,76,0.67,"same (auto: name equal within 5 km, or <= 500 m and similarity >= 0.65)"
Q612123,Temple of Anu-Adad,536694247,Temple of Anu and Adad at Assur,38,0.73,"same (auto: name equal within 5 km, or <= 500 m and similarity >= 0.65)"
Q6100842,Dilkaya Mound,459128239,Dilkaya Höyüğü,15,0.74,"same (auto: name equal within 5 km, or <= 500 m and similarity >= 0.65)"
Q6101780,Karagündüz Höyük,183120909,Karagündüz,105,0.77,"same (auto: name equal within 5 km, or <= 500 m and similarity >= 0.65)"
Q6102624,Salat Cami Yanı,899723866,Salat Tepe,31,0.5,different (assistant review: two different sites)
Q11939018,Martyropolis,874573,Maipa/Martyropolis/Ioustinianopolis,175,0.51,same (assistant review: same Martyropolis)
Q110983544,Tell Hamidiye,874740,Tell Hamidi/[Ta'idu]?,92,0.71,"same (auto: name equal within 5 km, or <= 500 m and similarity >= 0.65)"
Q132182876,Kendale Hecale Höyüğü,299713605,Kendale Hecala,327,0.74,"same (auto: name equal within 5 km, or <= 500 m and similarity >= 0.65)"
Q134960548,Pir Hüseyin Höyüğü,943028498,Pir Hüseyin,8,0.76,"same (auto: name equal within 5 km, or <= 500 m and similarity >= 0.65)"
Q139422397,Pirabat Höyüğü,943028499,Pirabat,116,0.67,"same (auto: name equal within 5 km, or <= 500 m and similarity >= 0.65)"
Q54571,Fortress of Ayanis,722596019,Ayanis,13,0.5,same (assistant review: same Urartian fortress)
Q111972948,Matiate,708431252,Matiātu,947,0.86,"same (assistant review: same place, spelling variant)"
Q1536445,Hamoukar,334217804,Tall Ḥamūkār,99,0.7,"same (auto: name equal within 5 km, or <= 500 m and similarity >= 0.65)"
Q1351318,Uplistsikhe,863913,Uplistsikhe,4818,1.0,"same (auto: name equal within 5 km, or <= 500 m and similarity >= 0.65)"
Q4215476,Karmir Blur,863822,Karmir-blur,73,1.0,"same (auto: name equal within 5 km, or <= 500 m and similarity >= 0.65)"
Q7494260,Shengavit Settlement,316956106,Shengavit,14,0.62,same (assistant review: same settlement)
Q12868713,Samtavro necropolis,863882,Samtavro,582,0.59,"different (default: kept separate, identity could not be determined; overwrite with your decision)"
Q131413943,Lori-Berd cemetery,349496773,Lori Berd necropolis,0,0.63,same (assistant review: same cemetery)
